name,rating,numberofbik,WatchthisMonth,asian restaurant,italian restaurant,gril restaurant,mediterranean restaurant,chef restaurant,sitting outside,smoke area,sea food,coffe shop,delivery,burger shop,online order,Converted_Kosher,Price_Convert
1,8.6,1467,1323,0,0,1,0,0,1,1,0,0,0,0,1,0,1
2,8.2,4857,284,0,0,1,0,0,1,0,0,0,1,0,1,1,1
3,7.8,495,200,0,0,1,0,0,0,0,0,0,0,0,0,1,0
4,7.5,746,210,0,1,0,0,0,0,1,0,1,0,0,0,1,1
5,7.8,4301,417,1,0,0,0,0,1,1,0,0,1,0,1,0,1
6,7.7,521,395,1,1,0,0,0,0,1,0,0,1,0,1,1,1
7,7.6,316,345,1,0,0,0,0,0,0,0,0,1,0,0,0,1
8,7.8,557,121,0,0,0,0,0,0,0,0,1,1,0,1,0,1
9,8.2,1217,1536,0,0,1,0,0,0,0,0,0,1,0,0,1,1
11,8.4,2667,274,0,0,0,0,0,0,0,0,1,0,0,1,1,1
12,7.6,2599,675,1,0,0,0,0,1,1,0,0,1,0,1,0,1
14,8.3,719,434,1,1,0,0,0,0,0,0,0,1,0,1,1,1
15,8.3,7,67,0,0,1,0,0,0,0,0,0,1,0,0,1,1
16,7.8,1701,244,0,1,0,0,0,0,0,0,1,1,0,1,1,1
17,8.0,636,724,0,0,0,0,0,1,0,0,1,1,0,1,0,1
18,8.2,2138,1253,0,1,0,0,0,1,1,0,1,0,0,0,0,1
19,9.1,436,465,0,1,0,0,0,0,0,0,1,1,0,1,1,1
21,7.8,186,255,0,0,1,0,0,0,0,0,0,0,0,0,1,1
23,8.6,18,316,1,0,0,0,0,0,0,0,0,1,0,0,0,1
25,8.6,2651,743,0,0,1,0,0,1,1,0,0,0,0,1,0,1
27,7.6,77,1811,1,0,0,0,0,0,0,0,0,1,0,1,1,1
28,7.8,1112,287,1,0,1,0,0,0,0,0,0,1,0,1,1,1
30,8.8,2380,1028,0,0,1,0,0,0,0,0,0,1,1,1,1,1
31,8.4,525,425,0,0,1,0,0,0,0,0,0,0,0,0,1,0
32,8.7,1240,557,0,0,1,0,0,0,0,0,0,1,0,1,1,1
33,8.5,1625,438,0,1,0,0,0,1,0,0,1,1,0,1,0,1
34,7.9,840,205,0,1,0,0,0,1,1,0,1,1,0,1,1,1
35,8.2,504,122,0,0,1,0,0,1,1,0,0,0,0,0,1,2
36,7.0,116,180,0,0,1,0,0,1,1,0,0,1,0,1,1,1
37,7.6,1121,240,0,0,0,0,0,0,0,0,1,1,0,1,1,1
38,8.1,360,342,1,0,1,0,0,1,1,0,0,1,0,1,1,1
39,8.9,264,249,1,0,0,0,0,0,0,0,0,1,0,1,0,0
40,8.9,374,307,0,1,0,0,0,1,1,0,0,1,0,1,1,1
41,8.5,1894,611,0,0,0,0,0,1,1,0,1,1,0,1,0,1
42,8.4,2270,759,0,0,1,0,0,0,0,0,0,0,0,0,0,0
43,8.8,500,1122,0,0,1,0,0,0,0,0,1,1,0,1,0,1
44,9.2,116,1748,0,0,1,0,0,1,0,0,0,1,1,1,1,1
47,7.8,3713,359,0,0,1,0,0,1,0,0,0,1,1,1,0,1
48,8.6,383,242,0,1,0,0,0,1,0,0,0,0,0,0,1,1
49,8.6,1738,163,0,0,0,0,0,1,1,0,1,0,0,0,0,0
50,8.0,1602,404,1,0,0,0,0,1,0,0,0,1,0,1,1,1
52,7.5,131,157,0,0,1,0,0,0,0,0,0,1,0,0,0,1
53,8.9,492,1292,0,1,0,0,0,0,0,0,0,1,0,1,0,1
54,8.7,353,271,0,0,1,0,0,0,0,0,0,1,0,0,1,0
55,8.8,313,637,1,0,0,0,0,0,0,0,0,1,0,1,1,1
56,8.2,1149,484,0,1,0,0,0,1,1,0,1,1,0,1,1,1
57,8.7,668,751,0,0,1,0,0,1,1,0,0,1,0,1,1,1
58,8.5,1718,547,0,0,1,0,0,1,1,0,0,1,1,1,0,1
59,8.5,1144,358,1,1,0,0,0,0,0,0,0,1,0,1,1,1
60,8.2,101,64,0,1,0,0,0,0,0,0,1,1,0,0,1,1
61,8.3,34,773,1,0,0,0,0,0,1,0,0,1,0,0,1,1
63,8.5,52,638,0,1,0,0,0,1,0,0,0,0,0,0,0,1
64,8.4,89,731,1,0,0,0,0,1,1,0,0,1,0,0,0,1
66,8.8,356,1820,0,0,1,0,0,1,0,0,0,1,1,1,1,1
67,8.4,1413,358,1,0,0,0,0,1,1,0,0,1,0,1,0,1
68,8.5,748,323,0,0,1,0,0,1,1,0,0,0,0,0,0,0
70,6.8,440,148,0,0,0,0,0,0,0,0,1,0,0,0,1,1
71,8.4,247,303,0,1,0,0,0,1,1,0,0,1,0,1,1,1
72,8.6,1926,315,0,0,1,0,0,1,1,0,0,1,1,1,0,1
74,9.0,7324,1936,0,0,1,0,0,1,1,0,0,1,1,1,0,1
75,8.5,5431,1205,0,1,0,0,0,1,1,0,0,1,0,1,0,1
76,9.1,3200,600,0,0,1,0,0,1,0,0,0,1,0,1,0,1
77,8.5,2188,432,1,0,0,0,0,1,1,0,0,1,0,1,0,1
79,8.2,469,153,1,0,0,0,0,0,0,0,0,0,0,0,0,1
81,8.9,214,439,0,0,1,0,0,0,1,0,0,1,0,0,0,0
82,8.6,16,259,0,1,0,0,0,0,0,0,0,1,0,0,0,1
83,8.3,37,0,0,0,1,0,0,0,0,0,0,0,0,0,1,1
84,8.8,2594,550,0,1,0,0,0,0,0,0,1,1,0,1,0,1
85,7.6,1309,132,1,0,0,0,0,1,0,0,0,1,0,1,0,1
86,7.8,589,157,0,0,0,0,0,1,1,0,1,0,0,0,1,0
88,8.2,942,529,0,0,1,0,0,0,0,0,0,1,0,0,1,0
89,8.2,113,217,0,1,0,0,0,1,1,0,0,1,0,1,1,1
90,8.2,58,318,0,0,1,0,0,0,0,0,0,1,0,0,1,1
91,7.6,75,129,0,0,0,0,0,0,0,0,1,0,0,0,1,1
92,8.5,718,672,1,0,0,0,0,0,0,0,0,1,0,1,0,1
93,7.8,976,439,0,0,1,0,0,0,0,0,0,1,1,1,1,1
94,8.7,5682,1476,0,0,1,0,0,1,1,0,0,1,0,1,1,1
95,8.3,5046,894,0,1,0,0,0,1,1,0,1,1,0,1,0,1
96,9.1,4050,1655,0,1,0,0,0,1,0,0,0,1,0,1,0,1
98,8.0,114,588,0,1,0,0,0,1,1,0,0,1,0,1,1,1
99,8.7,53,563,0,1,0,0,0,1,1,0,0,1,0,0,0,1
100,8.4,353,107,0,1,0,0,0,1,1,0,1,1,0,1,1,1
101,8.5,872,451,0,0,1,0,0,1,1,0,0,0,0,0,1,0
102,8.3,488,151,1,0,1,0,0,1,0,0,0,1,0,1,1,1
103,8.2,2569,766,0,0,1,0,0,0,1,0,1,0,0,0,0,1
104,7.7,1088,245,1,0,1,0,0,0,0,0,0,1,0,1,1,1
105,7.8,719,332,0,1,0,0,0,1,0,0,1,0,0,0,1,1
107,9.1,368,648,0,0,1,0,0,0,0,0,0,1,0,0,0,0
108,8.2,779,138,0,0,1,0,0,0,0,0,1,1,0,1,0,1
109,7.9,177,401,0,1,0,0,0,1,1,0,1,1,0,0,1,1
113,8.6,2359,1016,0,0,1,0,0,0,0,0,0,1,1,1,0,1
115,8.3,12,246,0,1,0,0,0,0,0,0,0,0,0,0,0,1
116,7.0,151,83,0,1,0,0,0,1,1,0,0,1,0,0,0,1
117,8.4,3056,751,0,0,1,0,0,0,0,0,0,1,0,1,1,1
118,8.7,50,793,0,0,1,0,0,1,0,0,0,1,0,1,1,1
119,8.0,30,113,0,0,1,0,0,1,1,0,0,0,0,0,1,1
121,8.7,2674,676,0,0,1,0,0,1,0,0,0,1,0,1,1,0
122,8.3,17,1056,0,1,0,0,0,0,1,0,0,1,0,1,1,1
125,8.3,25,151,1,1,0,0,0,0,1,0,0,1,0,1,1,1
126,7.5,9,93,0,0,1,0,0,1,0,0,0,0,0,0,1,1
127,8.4,761,270,0,0,1,0,0,0,0,0,0,1,1,1,0,1
128,8.4,549,175,0,0,1,0,0,0,0,0,0,1,0,1,1,1
129,7.9,195,468,1,1,0,0,0,0,0,0,0,1,0,1,1,1
130,8.2,358,212,0,1,0,0,0,0,0,0,1,0,0,0,1,1
132,8.3,3717,552,0,0,1,0,0,0,0,0,0,1,0,1,1,0
133,9.1,451,274,1,0,0,0,0,1,0,0,1,0,0,0,1,1
134,8.7,1454,546,0,0,0,0,0,1,1,0,1,0,0,0,0,1
135,8.5,89,733,0,0,0,0,0,1,0,0,1,1,0,1,0,1
136,8.1,789,304,0,0,1,0,0,1,0,0,0,0,0,0,1,1
137,7.4,118,749,0,1,0,0,0,0,0,0,1,0,0,0,0,1
138,7.6,93,236,0,1,1,0,0,0,0,0,1,0,0,0,0,1
139,8.0,3257,182,0,0,0,0,0,1,1,0,1,0,1,0,0,0
142,8.4,24,505,0,0,1,0,0,1,1,0,0,0,0,0,0,1
143,8.1,2063,98,1,0,0,0,0,0,0,0,0,1,0,1,1,1
144,8.7,980,503,0,0,0,0,0,1,0,0,1,0,0,0,0,1
145,8.7,1158,1080,0,0,0,0,0,1,0,0,1,1,0,1,0,0
146,8.8,1815,658,0,0,1,0,0,1,1,0,0,1,0,1,1,1
147,8.5,221,306,1,0,0,0,0,1,1,0,0,1,0,1,1,2
148,8.9,1668,1165,0,0,0,0,0,1,1,0,1,1,0,1,0,1
149,8.2,239,483,0,0,1,0,0,1,1,0,0,1,1,1,0,1
150,7.9,146,379,0,0,0,0,0,0,0,0,0,1,1,1,1,1
151,8.8,215,460,0,0,1,0,0,1,0,0,0,1,0,0,1,0
152,7.2,1635,140,1,0,0,0,0,0,0,0,0,1,0,1,1,1
153,8.7,116,591,1,0,0,0,0,0,0,0,0,1,1,0,0,0
155,7.6,560,214,0,1,0,0,0,0,0,0,1,1,0,1,1,1
156,7.7,306,97,0,0,1,0,0,0,0,0,0,0,0,0,1,0
157,7.4,806,458,0,1,0,0,0,0,0,0,1,1,0,0,1,1
159,7.9,347,157,0,1,0,0,0,1,0,0,1,0,0,0,1,1
160,8.6,1119,228,0,0,0,0,0,0,0,0,1,0,0,0,0,1
161,7.1,20,656,0,0,1,0,0,1,1,0,0,1,1,0,1,1
163,8.7,1419,900,0,0,1,0,0,0,1,0,0,0,0,0,0,1
164,7.8,301,206,1,0,0,0,0,1,1,0,0,1,0,1,1,1
165,8.6,205,476,0,0,1,0,0,0,0,0,0,0,0,0,0,1
166,8.1,1923,159,0,1,0,0,0,1,1,0,1,0,0,1,1,1
167,8.8,367,388,0,0,1,0,0,0,0,0,0,0,0,0,0,1
169,7.8,737,310,1,0,0,0,0,1,1,0,0,1,0,1,0,1
170,8.3,3187,202,1,0,0,0,0,0,0,0,0,1,0,1,1,1
171,8.3,83,313,1,0,0,0,0,1,1,0,0,1,0,0,0,1
172,7.5,25,149,0,0,1,0,0,1,1,0,0,0,0,0,0,1
175,8.1,8,382,0,0,1,0,0,1,1,0,0,1,0,0,1,1
176,8.6,2221,721,0,0,1,0,0,1,1,0,0,1,0,1,1,0
177,7.9,833,391,1,0,1,0,0,1,1,0,0,1,0,1,1,1
179,8.1,41,172,0,0,0,0,0,1,1,0,1,1,0,0,0,1
180,8.7,2032,569,1,0,0,0,0,1,1,0,0,1,0,1,1,1
181,9.0,3351,1499,1,0,0,0,0,0,0,0,0,1,0,1,1,1
182,8.0,251,227,0,0,1,0,0,0,0,0,0,1,0,1,1,1
183,9.2,6052,1667,1,0,0,0,0,1,0,0,0,1,0,1,0,1
185,8.3,694,602,0,0,0,0,0,1,1,0,1,1,0,1,0,1
186,8.6,286,148,0,0,1,0,0,0,0,0,0,0,0,0,1,0
187,7.9,246,174,0,0,1,0,0,0,0,0,0,1,1,0,1,1
188,7.1,1223,136,0,0,0,0,0,0,1,0,1,0,0,0,1,1
189,7.8,919,193,0,0,1,0,0,1,1,0,0,0,0,0,0,1
191,7.9,129,679,0,1,0,0,0,0,0,0,1,1,0,1,1,1
193,8.1,566,704,1,0,1,0,0,1,0,0,0,1,0,1,1,1
195,7.9,369,293,0,0,0,0,0,0,0,0,1,1,0,1,1,1
196,7.2,76,193,1,0,0,0,0,0,0,0,0,1,0,1,0,1
197,8.6,77,216,0,0,1,0,0,0,0,0,0,1,0,1,1,0
198,8.4,1190,420,0,0,1,0,0,0,0,0,0,0,0,0,0,1
199,8.2,1374,546,0,0,1,0,0,1,1,0,0,1,0,1,1,1
202,8.3,407,113,0,1,0,0,0,0,1,0,1,1,0,0,1,1
203,6.8,55,262,0,1,0,0,0,1,1,0,1,1,0,0,1,1
204,8.8,1105,552,0,1,0,0,0,0,1,0,1,0,0,0,1,1
205,7.9,132,516,0,0,0,0,0,0,0,0,1,0,0,0,0,1
206,7.6,1723,1089,0,0,1,0,0,0,0,0,0,0,0,0,0,1
207,8.2,233,1594,0,1,0,0,0,1,0,0,1,1,0,1,1,1
208,8.1,209,739,1,0,0,0,0,1,1,0,0,1,0,1,1,1
209,7.6,142,148,0,1,0,0,0,1,0,0,0,1,0,1,1,0
211,8.3,2028,386,0,1,0,0,0,1,0,0,1,1,0,1,1,1
212,9.1,1682,1601,0,0,0,0,0,1,1,0,0,1,1,1,1,1
213,9.1,1682,1601,0,0,0,0,0,1,1,0,0,1,1,1,1,1
214,8.2,164,476,0,0,0,0,0,1,0,0,1,1,0,1,0,1
215,8.5,157,196,0,0,1,0,0,1,1,0,1,0,1,1,0,1
216,8.9,2801,1321,0,0,1,0,0,0,0,0,0,0,0,0,0,1
217,7.7,989,354,0,0,1,0,0,1,1,0,0,1,0,1,1,1
218,7.8,710,270,1,0,0,0,0,0,0,0,0,1,0,1,1,1
219,8.1,16,56,0,0,1,0,0,0,0,0,0,0,0,0,1,1
220,8.0,2821,1104,0,0,0,0,0,0,0,0,1,0,0,0,0,1
223,7.6,58,212,0,0,0,0,0,0,0,0,1,0,0,0,1,1
224,8.6,954,1090,0,0,1,0,0,1,1,0,0,1,1,1,0,1
226,8.0,1295,148,1,0,0,0,0,1,1,0,0,1,0,1,0,1
228,8.6,1492,274,0,0,1,0,0,1,1,0,0,0,0,0,1,1
229,8.6,1727,483,0,1,0,0,0,0,0,0,1,1,0,1,1,1
230,8.6,3693,672,1,0,0,0,0,0,0,0,0,1,0,1,0,1
231,8.1,4108,900,0,0,1,0,0,1,1,0,0,1,1,1,0,1
232,9.1,2532,872,0,1,0,0,0,1,1,0,0,1,0,0,0,1
233,7.3,1184,349,0,1,0,0,0,1,1,0,1,1,0,1,1,1
234,7.5,543,286,1,0,0,0,0,0,0,0,0,1,0,0,1,1
236,7.1,1995,218,1,0,0,0,0,1,0,0,0,1,0,1,0,1
237,8.2,2292,1017,0,1,0,0,0,1,1,0,0,1,0,1,1,1
238,7.9,932,112,0,0,0,0,0,1,0,0,1,1,0,0,0,1
239,8.9,2321,1968,0,0,1,0,0,0,1,0,1,1,0,1,0,1
240,9.0,1516,315,0,1,1,0,0,1,1,0,0,0,0,0,0,1
241,8.4,92,1077,0,1,0,0,0,1,1,0,0,0,0,1,1,1
242,8.8,879,734,0,1,0,0,0,1,0,0,0,1,0,0,1,1
243,7.5,817,202,1,1,0,0,0,1,1,0,0,1,0,1,1,0
244,8.3,551,367,0,0,1,0,0,1,0,0,1,0,0,0,1,1
245,8.2,1106,545,0,0,1,0,0,0,0,0,0,1,0,1,1,1
246,8.4,4664,737,1,0,0,0,0,1,1,0,0,1,0,1,0,1
247,7.7,5019,0,1,1,0,0,0,1,1,0,1,1,0,1,1,1
248,8.3,916,405,1,0,0,0,0,0,0,0,0,1,0,1,0,1
249,8.7,11,1041,1,0,0,0,0,1,1,0,0,1,0,1,1,1
250,8.3,37,182,0,1,0,0,0,1,0,0,0,1,0,0,0,1
251,8.5,1919,638,0,0,1,0,0,0,1,0,0,1,0,1,1,1
252,7.8,18,0,0,1,0,0,0,1,1,0,1,0,0,0,1,1
253,8.6,1929,839,1,0,0,0,0,1,1,0,0,0,0,0,0,1
254,8.7,3363,1177,0,0,1,0,0,1,1,0,0,1,0,1,1,2
255,8.3,824,522,1,0,0,0,0,0,0,0,0,1,0,1,1,0
256,8.5,1005,1154,1,0,0,0,0,0,0,0,0,1,0,1,0,1
257,8.4,27,71,0,0,1,0,0,0,0,0,0,0,0,0,1,1
258,8.0,1843,548,0,0,0,0,0,0,0,0,1,0,0,0,0,1
259,8.6,65,332,0,0,0,0,0,1,1,0,1,1,0,0,0,1
260,8.7,3421,1843,0,0,1,0,0,1,1,0,0,1,1,1,0,1
261,8.8,807,503,0,1,0,0,0,1,0,0,0,1,0,0,0,0
262,8.3,598,847,1,0,1,0,0,0,0,0,0,1,0,1,1,0
263,8.0,1479,245,0,1,0,0,0,0,0,0,1,1,0,1,1,1
264,8.1,1767,502,0,1,0,0,0,1,1,0,1,1,0,1,0,1
265,8.8,414,218,0,1,0,0,0,1,0,0,1,0,0,0,1,1
266,8.2,46,66,0,0,1,0,0,0,0,0,0,0,0,0,0,1
267,8.3,302,186,0,1,0,0,0,0,1,0,1,1,0,1,1,0
268,8.4,478,76,0,0,1,0,0,0,0,0,1,0,0,0,0,1
269,8.2,2847,399,0,0,1,0,0,1,1,0,0,1,1,1,0,1
270,8.2,891,254,1,0,1,0,0,0,0,0,0,1,0,1,1,1
271,7.2,22,141,0,0,1,0,0,0,0,0,1,0,0,0,0,1
273,9.1,539,672,0,0,1,0,0,1,1,0,0,0,0,0,1,0
276,8.5,589,1074,0,1,0,0,0,0,0,0,1,1,0,0,1,1
277,8.7,1161,1318,0,0,1,0,0,0,0,0,0,1,1,1,1,1
279,8.5,69,884,0,1,0,0,0,0,0,0,0,1,0,0,1,1
280,8.4,712,1479,0,0,1,0,0,1,1,0,0,1,1,1,0,1
281,8.8,3321,651,0,0,0,0,0,1,1,0,1,1,0,1,1,1
283,7.8,722,311,1,0,1,0,0,0,0,0,0,1,0,1,1,1
284,8.1,2170,493,0,0,1,0,0,1,1,0,0,1,1,1,0,1
285,8.3,1534,293,0,1,0,0,0,0,0,0,1,1,0,1,1,1
286,7.8,534,891,0,0,1,0,0,0,0,0,0,1,0,1,0,1
287,8.0,1277,306,0,1,1,0,0,1,1,0,1,0,0,0,0,1
288,7.1,90,111,1,0,0,0,0,0,0,0,0,1,0,1,0,1
289,8.5,315,477,0,0,1,0,0,1,0,0,0,1,0,1,1,0
290,8.1,1057,479,1,0,1,0,0,1,0,0,0,1,0,1,1,1
291,8.7,223,382,0,1,0,0,0,1,0,0,0,1,0,0,1,0
292,8.0,538,354,1,0,0,0,0,0,0,0,0,1,0,1,0,1
293,8.6,1318,339,0,0,1,0,0,0,0,0,0,1,0,0,1,0
294,8.2,56,613,0,0,1,0,0,0,0,0,0,1,1,1,1,1
297,8.5,80,245,0,1,0,0,0,0,0,0,0,1,0,1,1,0
298,7.1,1830,225,0,0,0,0,0,0,0,0,1,1,0,1,1,1
299,8.2,523,109,0,0,1,0,0,0,0,0,0,1,0,1,1,0
300,8.5,480,222,0,0,0,0,0,1,0,0,1,0,0,0,0,1
303,8.5,30,293,0,0,1,0,0,1,0,0,0,1,0,0,1,1
304,8.2,230,1182,0,1,0,0,0,0,0,0,0,1,0,1,0,1
305,7.7,1340,310,0,0,0,0,0,0,0,0,1,1,0,1,1,1
306,8.0,6499,820,0,1,0,0,0,1,1,0,0,1,0,1,0,1
307,7.6,1402,112,0,0,0,0,0,1,1,0,1,0,0,0,0,1
308,8.3,13,176,0,0,1,0,0,0,0,0,0,1,1,0,1,1
309,8.7,218,136,0,0,1,0,0,0,1,0,0,1,0,0,0,0
310,7.2,120,216,0,1,0,0,0,0,0,0,1,1,0,1,1,1
311,8.5,140,301,0,0,1,0,0,0,0,0,0,1,0,0,1,1
312,8.8,68,1049,0,0,0,0,0,1,0,0,1,0,0,0,1,1
313,8.0,22,341,0,0,1,0,0,0,0,0,0,1,1,1,1,1
314,7.3,347,192,0,1,0,0,0,1,1,0,0,1,0,1,1,1
315,8.3,33,57,0,1,0,0,0,1,0,0,0,1,0,1,1,1
318,8.0,3363,512,1,0,0,0,0,1,1,0,0,1,0,1,1,1
319,7.2,544,145,1,0,0,0,0,0,0,0,0,1,0,1,1,1
320,8.2,827,767,0,1,0,0,0,1,0,0,0,1,0,1,1,1
321,8.1,1568,192,0,0,1,0,0,1,0,0,0,0,0,0,0,1
322,8.5,882,230,0,1,0,0,0,1,0,0,0,1,0,1,0,1
323,8.4,85,552,0,0,1,0,0,0,0,0,0,1,1,1,0,1
324,7.8,275,341,1,0,0,0,0,1,0,0,0,1,0,0,1,1
325,8.8,804,1044,0,0,1,0,0,0,0,0,0,1,0,1,1,1
326,8.3,602,403,0,0,1,0,0,1,1,0,0,1,0,0,1,0
327,8.9,730,401,0,1,0,0,0,1,0,0,1,0,0,0,1,0
328,8.7,3524,1023,0,0,1,0,0,1,1,0,0,1,0,1,1,1
330,8.3,541,334,0,1,0,0,0,1,0,0,0,1,0,1,0,1
332,8.1,1961,235,0,1,0,0,0,1,1,0,1,1,0,1,1,1
334,8.4,31,967,0,0,0,0,0,0,1,0,0,0,1,0,0,1
335,8.5,14,733,0,0,1,0,0,1,0,0,0,1,0,0,1,1
336,8.5,19,928,0,1,0,0,0,1,0,0,0,1,0,1,1,0
337,8.4,61,149,0,0,1,0,0,1,1,0,1,1,1,0,0,1
338,7.8,323,161,0,1,0,0,0,1,1,0,1,0,0,0,1,0
339,8.5,265,687,0,0,1,0,0,1,1,0,0,1,0,1,1,1
340,8.5,3664,639,0,0,0,0,0,1,1,0,1,1,0,1,0,1
341,8.3,16,310,0,1,0,0,0,0,0,0,0,0,0,0,1,1
342,8.6,1997,600,1,0,0,0,0,1,1,0,0,1,0,1,1,1
343,7.4,72,453,1,1,0,0,0,1,0,0,0,1,0,1,1,1
344,7.9,2315,280,1,0,0,0,0,0,0,0,0,1,0,1,0,1
347,8.6,14,453,0,0,1,0,0,0,0,0,0,1,1,1,0,1
348,8.4,1751,1052,1,0,0,0,0,1,1,0,0,1,0,1,0,2
350,8.0,3473,1001,0,0,1,0,0,1,0,0,0,1,1,1,0,1
351,8.7,2062,827,0,0,1,0,0,0,1,0,0,1,0,1,1,2
352,8.8,1012,327,0,0,1,0,0,1,0,0,0,1,0,1,1,1
353,7.8,607,330,1,0,0,0,0,1,0,0,0,0,0,0,0,1
354,7.6,1246,543,1,0,0,0,0,1,0,0,0,1,0,1,1,1
355,8.8,4965,1648,0,0,1,0,0,1,1,0,0,1,0,1,0,0
356,8.7,2731,1035,0,0,0,0,0,0,1,0,0,1,1,1,0,1
358,8.2,3365,27,0,1,1,0,0,1,0,0,1,0,0,0,1,0
360,8.4,679,123,0,0,0,0,0,1,1,0,1,0,0,0,0,0
361,8.5,391,744,0,0,1,0,0,1,0,0,0,0,0,0,1,1
362,8.5,407,177,0,0,1,0,0,1,0,0,0,1,0,1,1,1
366,8.0,31,94,0,0,1,0,0,0,0,0,0,0,0,0,1,1
367,9.1,1374,1333,0,1,0,0,0,1,0,0,0,1,0,1,0,2
368,8.8,4383,614,0,1,0,0,0,1,1,0,1,0,0,1,1,1
369,8.6,85,365,1,0,0,0,0,0,0,0,0,1,0,1,0,1
370,8.7,1341,935,0,1,0,0,0,0,0,0,0,0,0,1,1,0
371,8.9,697,938,0,0,0,0,0,1,0,0,0,1,1,1,1,1
372,8.7,287,530,0,1,0,0,0,1,1,0,0,1,0,0,1,1
373,8.6,1482,333,0,0,0,0,0,0,0,0,1,0,0,0,1,1
374,7.9,832,305,0,1,0,0,0,0,0,0,1,1,0,1,1,1
375,8.3,2561,466,1,0,0,0,0,1,1,0,0,1,0,1,0,1
376,8.9,275,370,0,0,1,0,0,0,0,0,0,1,0,1,1,0
377,7.5,774,258,0,0,1,0,0,0,0,0,0,1,1,1,1,1
379,8.4,1157,573,0,0,1,0,0,1,0,0,0,1,1,1,1,0
380,8.1,493,463,1,0,0,0,0,0,0,0,0,1,0,1,1,1
381,8.3,946,368,0,0,1,0,0,1,0,0,0,1,0,0,1,1
382,8.1,33,223,0,1,0,0,0,1,0,0,0,1,0,0,1,1
383,7.6,1308,489,0,1,0,0,0,1,1,0,1,0,0,0,1,1
385,8.2,1012,267,1,0,0,0,0,0,0,0,0,1,0,1,1,1
386,8.1,2671,396,0,0,1,0,0,1,1,0,0,1,1,1,0,1
388,8.9,205,552,0,1,0,0,0,0,0,0,1,0,0,0,1,1
389,8.6,1471,1002,1,0,0,0,0,0,0,0,0,1,0,1,1,1
390,7.5,44,373,0,1,0,0,0,1,1,0,1,1,0,0,1,1
391,7.6,809,228,1,0,1,0,0,0,0,0,0,1,0,1,1,1
392,7.7,734,663,1,0,0,0,0,1,0,0,0,1,0,1,1,1
393,8.6,24,281,0,1,0,0,0,0,0,0,0,1,0,1,0,1
394,8.4,1400,341,0,1,1,0,0,1,1,0,0,0,0,1,0,1
395,7.5,619,299,1,0,0,0,0,1,0,0,0,1,0,0,1,1
396,9.0,1653,700,0,0,1,0,0,0,1,0,0,0,0,1,1,1
399,8.6,105,276,1,0,1,0,0,0,0,0,0,0,0,0,0,1
400,8.2,399,473,0,0,1,0,0,0,0,0,0,1,1,1,1,1
401,7.8,1982,198,0,0,0,0,0,1,1,0,1,1,0,1,0,1
402,7.4,68,224,0,1,0,0,0,1,0,0,1,0,0,0,1,1
404,8.1,182,109,0,0,1,0,0,0,0,0,0,1,1,1,0,1
407,8.5,367,333,1,0,0,0,0,1,0,0,0,1,0,1,1,1
408,7.9,118,590,0,1,0,0,0,1,1,0,1,1,0,0,1,1
409,7.9,118,590,0,1,0,0,0,1,1,0,1,1,0,0,1,1
410,8.2,482,508,0,0,1,0,0,0,0,0,0,1,1,1,1,1
412,8.4,193,243,0,0,1,0,0,1,1,0,0,1,0,0,0,1
413,8.5,270,103,0,0,1,0,0,0,0,0,0,0,0,0,0,1
414,8.7,2133,607,0,1,0,0,0,1,1,0,1,1,0,1,1,0
415,7.6,399,0,0,0,0,0,0,0,1,0,1,0,0,0,0,1
416,7.6,507,59,0,0,1,0,0,0,0,0,1,1,0,0,0,1
417,8.6,1902,1201,0,0,1,0,0,1,1,0,0,1,0,0,1,1
419,8.3,240,621,0,1,0,0,0,1,1,0,0,1,0,0,1,0
420,7.5,762,615,0,0,1,0,0,1,0,0,0,1,1,1,1,1
421,7.6,2012,73,0,0,0,0,0,0,0,0,1,0,0,1,1,1
423,8.6,300,325,0,1,0,0,0,1,0,0,0,1,0,0,1,0
424,8.6,249,507,0,1,0,0,0,1,0,0,0,1,0,1,1,0
425,8.4,72,243,0,1,0,0,0,0,0,0,1,1,0,0,0,1
427,8.2,74,152,0,0,0,0,0,1,0,0,1,1,0,0,1,1
428,7.8,43,171,0,0,1,0,0,0,0,0,0,0,0,0,1,1
429,8.5,38,627,0,0,0,0,0,1,0,0,1,1,1,0,0,1
430,8.2,476,574,0,0,1,0,0,1,1,0,0,1,0,1,1,0
431,8.0,197,1077,1,0,0,0,0,1,1,0,0,1,0,1,1,1
432,8.1,3943,437,0,1,0,0,0,1,1,0,0,1,0,1,0,1
433,8.1,98,53,0,0,1,0,0,0,0,0,0,0,0,0,0,1
435,8.0,27,36,0,0,0,0,0,1,1,0,1,1,0,1,1,1
436,9.0,3389,1558,0,1,0,0,0,1,0,0,1,1,0,1,0,1
438,8.7,132,1060,0,1,0,0,0,1,0,0,1,1,0,1,1,1
440,8.4,1494,585,0,1,0,0,0,1,1,0,1,1,0,1,1,1
441,8.0,18,234,1,0,0,0,0,1,1,0,0,1,0,0,0,1
442,8.5,53,110,0,0,1,0,0,1,1,0,0,0,0,0,1,0
444,8.6,1874,337,0,1,0,0,0,1,1,0,1,0,0,0,1,1
445,7.5,116,404,1,0,0,0,0,0,0,0,0,1,0,1,1,1
447,8.1,1966,392,0,0,0,0,0,1,1,0,1,1,0,1,0,1
448,8.4,383,719,0,0,1,0,0,0,0,0,0,1,0,0,1,1
449,8.1,2997,1081,0,0,1,0,0,0,0,0,0,1,0,1,0,1
450,8.2,1274,432,0,1,0,0,0,0,0,0,0,1,0,1,0,2
451,7.1,79,211,0,0,1,0,0,0,0,0,0,1,0,1,0,1
453,8.4,753,321,0,0,0,0,0,0,1,0,1,0,0,0,1,1
454,8.4,187,160,0,1,0,0,0,1,0,0,0,1,0,1,1,0
455,8.5,1227,1042,0,1,0,0,0,1,1,0,0,1,0,1,1,0
457,8.9,1542,947,0,0,1,0,0,1,1,0,0,1,0,1,1,1
458,7.9,1255,426,0,1,0,0,0,1,1,0,0,1,0,1,1,1
459,8.5,2547,1079,0,0,0,0,0,1,1,0,1,0,0,0,0,1
460,8.9,406,412,0,1,0,0,0,1,1,0,1,1,0,1,1,1
461,8.9,3247,948,0,1,0,0,0,1,1,0,0,1,0,1,0,1
462,9.0,1623,1662,0,0,1,0,0,1,1,0,0,1,0,1,1,1
463,7.5,887,83,1,0,0,0,0,0,0,0,1,0,0,0,0,1
464,8.5,12,235,0,0,1,0,0,1,1,0,0,1,0,0,1,1
466,7.3,261,372,0,0,0,0,0,0,0,0,1,1,0,1,0,1
469,8.4,1542,580,0,0,0,0,0,1,1,0,1,1,0,1,0,1
470,8.8,1155,444,0,0,1,0,0,1,0,0,0,0,0,0,0,0
471,8.3,1442,479,0,0,0,0,0,1,1,0,1,1,0,0,0,1
472,8.3,758,330,1,0,0,0,0,1,0,0,0,1,0,1,0,0
473,7.7,2186,272,1,0,0,0,0,0,0,0,0,1,0,1,1,1
474,7.9,116,127,0,0,1,0,0,1,1,0,0,1,0,0,1,1
475,7.8,16,168,0,0,0,0,0,0,0,0,1,1,0,1,0,1
477,8.2,562,548,0,0,1,0,0,0,1,0,0,1,1,1,0,1
478,8.9,3968,1307,0,1,0,0,0,1,1,0,0,1,0,1,0,1
479,8.4,22,179,0,0,0,0,0,1,0,0,1,0,0,0,0,1
480,8.4,290,265,0,0,1,0,0,0,0,0,0,0,0,0,0,1
481,9.1,1177,214,0,0,0,0,0,1,0,0,1,0,0,0,0,0
482,7.9,689,228,0,0,0,0,0,1,1,0,1,0,0,0,0,1
483,7.7,103,304,0,1,0,0,0,0,0,0,0,0,0,1,0,1
484,8.8,6949,1001,0,0,1,0,0,0,0,0,0,0,0,0,0,1
485,8.1,218,1428,0,1,0,0,0,1,1,0,1,1,0,1,0,1
486,6.9,425,77,1,0,0,0,0,0,0,0,0,1,0,1,1,1
487,8.1,699,301,0,1,0,0,0,1,0,0,1,1,0,0,1,1
488,8.1,2414,494,0,0,1,0,0,1,1,0,0,1,1,1,1,1
489,7.4,13,92,0,0,1,0,0,0,0,0,0,0,0,1,0,1
490,6.8,14,287,0,0,0,0,0,1,0,0,1,0,0,0,0,1
491,7.8,442,227,0,0,1,0,0,0,0,0,0,0,0,0,0,1
492,8.7,393,317,1,1,0,0,0,1,0,0,0,1,0,0,0,1
493,8.5,37,1315,0,0,1,0,0,0,0,0,0,1,0,1,1,1
494,8.5,1485,797,1,0,1,0,0,1,0,0,0,1,0,1,1,1
495,7.8,208,205,0,1,0,0,0,0,1,0,1,1,0,0,1,0
496,8.7,2370,450,0,0,1,0,0,1,1,0,0,1,0,0,1,1
497,8.8,143,486,0,1,0,0,0,1,1,0,0,0,0,0,0,1
498,7.9,672,575,1,0,0,0,0,0,0,0,0,1,0,1,1,1
499,7.8,1211,454,0,1,0,0,0,1,1,0,1,1,0,0,1,1
501,8.4,3931,479,0,0,1,0,0,1,1,0,0,0,0,1,0,1
502,8.7,1413,207,0,0,1,0,0,0,0,0,0,0,0,1,0,1
503,7.5,676,218,1,0,0,0,0,1,1,0,0,1,0,1,0,1
505,8.1,1775,188,0,0,1,0,0,1,1,0,0,1,1,1,0,1
506,7.5,115,397,0,1,0,0,0,0,0,0,0,1,0,1,1,1
508,8.8,3803,779,0,1,0,0,0,1,1,0,0,1,0,1,0,1
509,8.8,1710,758,0,0,0,0,0,1,1,0,1,1,0,1,0,1
510,8.7,3897,464,1,0,0,0,0,1,1,0,0,1,0,1,0,1
511,8.7,197,449,0,1,0,0,0,0,0,0,0,1,0,1,1,0
514,8.5,470,194,0,0,1,0,0,1,0,0,0,0,0,0,1,1
515,8.5,4655,675,0,1,0,0,0,1,0,0,0,1,0,1,0,1
516,8.2,18,1505,1,0,1,0,0,1,1,0,0,1,0,0,1,1
517,7.8,1270,422,0,0,0,0,0,1,1,0,1,0,0,0,0,1
518,8.5,212,664,0,1,0,0,0,1,1,0,0,1,0,1,1,2
519,8.1,1300,197,0,0,0,0,0,1,0,0,1,1,0,0,1,1
520,8.3,1909,114,0,0,1,0,0,1,0,0,0,1,0,1,1,1
523,8.5,19,292,0,0,1,0,0,1,1,0,0,0,0,0,1,1
524,8.8,604,253,0,0,1,0,0,1,1,0,0,1,0,1,0,1
525,9.0,452,851,0,0,1,0,0,1,1,0,0,1,1,0,1,1
526,8.7,1226,279,0,1,0,0,0,0,0,0,1,0,0,0,1,1
527,8.0,3255,630,1,0,0,0,0,1,1,0,0,1,0,1,0,1
528,8.7,3927,764,1,0,0,0,0,1,1,0,1,0,0,1,0,1
529,7.3,429,108,0,1,0,0,0,1,0,0,1,1,0,1,1,1
530,7.1,151,166,1,0,0,0,0,1,0,0,0,1,0,0,1,1
533,9.0,2812,829,0,0,1,0,0,1,0,0,0,1,1,1,0,1
534,8.7,185,481,0,0,1,0,0,0,0,0,0,1,1,0,1,1
536,7.9,2380,325,1,0,1,0,0,1,0,0,0,1,0,1,1,1
537,7.4,2519,465,0,0,0,0,0,1,1,0,1,1,0,1,0,1
538,9.0,2069,1673,0,1,0,0,0,1,0,0,1,1,0,1,1,1
539,8.1,692,140,0,0,1,0,0,1,0,0,0,1,1,1,0,1
541,8.4,4662,1243,0,0,1,0,0,1,0,0,0,1,1,1,0,1
542,8.4,5163,497,1,0,0,0,0,0,0,0,0,1,0,1,0,1
545,8.5,517,188,0,0,0,0,0,0,0,0,1,0,0,0,0,1
546,7.5,769,173,0,1,0,0,0,0,0,0,0,1,0,1,1,1
547,6.8,428,185,1,0,0,0,0,0,0,0,0,1,0,1,1,1
549,8.3,269,75,0,0,1,0,0,0,0,0,1,1,0,0,0,1
550,8.2,173,243,0,0,0,0,0,1,0,0,1,1,0,0,1,1
551,7.8,2083,144,0,0,1,0,0,1,0,0,0,0,0,0,1,1
552,7.6,41,698,1,0,0,0,0,0,0,0,0,1,0,1,0,1
553,8.9,525,901,0,1,0,0,0,1,1,0,0,1,1,0,0,1
554,8.5,474,473,1,0,1,0,0,0,0,0,0,1,0,1,1,1
555,8.0,1192,698,0,1,0,0,0,0,0,0,0,1,0,1,0,1
556,8.7,5369,1374,0,0,0,0,0,1,1,0,1,0,0,1,0,1
557,8.2,218,147,0,1,0,0,0,1,1,0,0,1,0,0,1,0
558,8.4,163,131,0,0,0,0,0,0,0,0,1,1,0,1,1,1
560,8.4,78,147,0,0,1,0,0,1,1,0,0,1,1,1,1,1
561,8.7,234,592,0,0,1,0,0,0,0,0,0,0,0,0,1,1
562,8.6,5728,1671,0,1,0,0,0,0,0,0,0,1,0,1,0,1
564,8.1,197,325,0,0,1,0,0,1,0,0,0,0,0,0,1,1
565,7.2,1369,127,0,0,1,0,0,1,1,0,0,1,0,1,1,2
566,8.3,722,228,1,0,0,0,0,0,0,0,0,1,0,1,0,1
568,8.0,171,345,1,0,0,0,0,0,0,0,0,1,0,1,0,1
569,8.7,614,291,0,0,1,0,0,0,0,0,0,0,0,0,0,0
570,8.9,442,314,0,1,0,0,0,0,0,0,0,0,0,0,1,0
572,7.5,62,837,1,0,0,0,0,0,1,0,0,1,0,1,1,1
573,8.3,183,193,0,1,0,0,0,1,1,0,0,0,0,0,1,1
574,8.4,20,881,0,0,1,0,0,0,0,0,0,0,0,0,0,1
575,8.5,991,419,1,0,0,0,0,0,0,0,0,1,0,1,0,1
576,8.5,294,189,0,0,1,0,0,0,0,0,0,0,0,0,1,1
577,9.3,1087,791,0,0,0,0,0,0,1,0,1,1,0,0,0,1
578,7.4,69,413,1,1,0,0,0,0,0,0,0,1,0,1,1,1
580,8.4,132,588,0,1,0,0,0,1,0,0,0,1,0,0,1,0
581,8.1,5289,857,0,0,1,0,0,1,1,0,0,1,1,1,1,1
583,8.5,6562,1317,0,0,0,0,0,1,1,0,1,1,0,1,0,1
584,8.3,32,1006,0,0,1,0,0,0,0,0,0,0,0,0,1,1
585,8.1,102,164,0,0,1,0,0,0,0,0,0,0,0,0,1,1
586,8.5,1924,1139,0,0,1,0,0,1,1,0,0,1,1,1,1,1
587,9.0,2555,862,1,0,0,0,0,1,1,0,0,1,0,0,0,0
588,8.2,1370,713,1,0,0,0,0,1,1,0,0,1,0,0,0,1
589,9.0,879,1829,0,1,0,0,0,1,1,0,1,1,0,1,1,1
590,8.3,1415,871,0,0,1,0,0,1,1,0,0,0,0,1,1,1
591,8.7,779,690,0,0,1,0,0,0,0,0,0,0,0,0,0,0
592,7.5,495,635,0,0,1,0,0,1,1,0,0,1,0,1,1,1
594,8.1,37,439,0,1,0,0,0,1,0,0,1,0,0,0,1,1
595,8.1,4395,62,0,0,0,0,0,1,0,0,1,0,0,0,1,1
597,8.5,5080,560,0,0,0,0,0,1,1,0,1,1,0,1,0,1
598,8.9,294,746,0,1,0,0,0,1,1,0,0,1,0,0,1,1
601,8.6,628,525,0,0,1,0,0,1,0,0,0,1,1,0,0,1
602,8.5,948,911,0,1,0,0,0,1,1,0,0,1,0,1,1,0
603,7.8,698,547,1,1,1,0,0,1,1,0,0,1,0,1,1,1
606,9.0,5407,1649,0,0,1,0,0,0,1,0,0,0,1,1,0,1
607,8.3,1895,1206,1,1,0,0,0,1,1,0,0,1,0,1,1,1
608,8.1,1488,627,1,0,0,0,0,1,1,0,0,1,0,1,0,1
609,8.6,1912,498,0,0,1,0,0,1,0,0,0,1,0,1,1,1
611,9.1,4471,2018,0,0,1,0,0,1,1,0,0,1,0,1,1,1
612,8.0,2738,578,0,0,0,0,0,1,1,0,1,0,0,0,0,1
613,8.0,99,28,0,1,0,0,0,0,0,0,1,0,0,0,1,1
614,7.9,53,167,0,1,0,0,0,0,0,0,1,0,0,0,1,1
615,8.7,1155,348,0,1,0,0,0,1,1,0,1,1,0,0,1,1
616,8.8,2457,690,0,1,0,0,0,1,0,0,0,1,1,1,1,1
617,8.0,1429,361,0,1,0,0,0,0,0,0,1,0,0,0,1,1
618,9.1,317,70,0,1,0,0,0,0,0,0,1,0,0,0,0,0
619,8.0,591,449,0,1,0,0,0,1,0,0,0,1,0,1,0,1
622,8.8,79,791,0,0,1,0,0,0,0,0,0,1,1,1,1,1
623,8.9,513,347,0,1,0,0,0,1,0,0,0,1,0,1,0,1
625,8.5,2312,618,1,0,1,0,0,1,1,0,0,1,0,1,1,1
626,8.1,1374,349,0,0,1,0,0,1,1,0,0,0,0,0,1,1
627,8.7,3686,540,0,0,1,0,0,1,1,0,0,1,0,1,0,1
629,7.9,561,578,1,0,0,0,0,0,0,0,0,1,0,1,0,1
631,8.1,1598,759,0,0,0,0,0,1,1,0,1,1,0,0,0,1
632,8.5,143,419,0,0,1,0,0,0,0,0,0,1,0,0,1,1
633,8.0,375,141,0,0,0,0,0,0,0,0,1,1,0,1,0,1
634,8.7,1558,842,1,0,0,0,0,0,1,0,0,1,0,1,0,1
635,8.5,1143,1189,0,0,1,0,0,0,0,0,0,1,0,1,0,1
636,8.5,1543,156,0,0,0,0,0,0,0,0,1,1,0,1,1,1
637,8.9,385,323,0,0,0,0,0,1,0,0,1,0,0,1,0,1
638,9.0,616,774,0,1,0,0,0,0,0,0,0,1,0,0,1,1
639,7.8,97,210,0,0,1,0,0,0,0,0,0,1,0,0,1,0
640,8.7,745,321,0,1,0,0,0,1,1,0,1,1,0,0,1,1
641,8.2,710,155,0,1,0,0,0,0,0,0,1,1,0,1,1,1
642,8.3,146,187,0,0,1,0,0,0,0,0,0,1,0,1,0,1
643,7.8,1252,265,1,0,0,0,0,1,1,0,0,1,0,1,1,1
645,9.1,7032,1341,0,1,0,0,0,0,0,0,0,1,0,1,0,1
646,7.9,2893,879,0,0,1,0,0,0,0,0,0,1,1,1,1,1
647,8.0,427,252,1,0,0,0,0,0,0,0,0,1,0,1,1,1
649,8.7,2273,656,0,1,0,0,0,0,0,0,1,1,0,0,1,1
650,8.1,614,572,0,0,1,0,0,1,0,0,0,0,0,1,0,1
652,8.1,2187,715,0,0,1,0,0,1,0,0,0,1,1,1,0,1
653,8.1,569,1607,0,0,1,0,0,1,0,0,0,1,0,1,1,0
654,9.0,4540,1022,1,0,0,0,0,1,0,0,0,1,0,1,0,1
655,9.0,199,434,0,1,0,0,0,1,0,0,0,1,0,0,1,0
658,7.6,69,115,0,0,1,0,0,0,0,0,0,1,0,0,1,0
660,7.3,42,106,0,1,0,0,0,0,0,0,1,0,0,0,1,1
662,8.9,2532,540,0,0,1,0,0,1,1,0,0,0,0,1,0,2
663,7.6,462,184,1,0,0,0,0,1,0,0,0,1,0,1,0,1
664,7.7,2462,180,1,0,1,0,0,1,1,0,0,1,0,1,0,0
665,8.5,2383,594,0,0,0,0,0,1,0,0,1,1,0,0,0,1
666,7.8,538,138,0,0,0,0,0,1,1,0,1,1,0,0,0,1
667,8.0,137,1243,0,0,0,0,0,0,0,0,1,0,0,1,0,1
668,8.6,273,486,0,0,1,0,0,0,0,0,0,0,0,0,1,1
669,8.5,250,403,1,0,0,0,0,0,0,0,0,1,0,0,0,1
671,8.0,129,407,0,0,0,0,0,0,0,0,1,1,0,1,1,1
672,8.2,224,457,0,0,1,0,0,1,1,0,0,1,1,1,1,1
673,7.9,851,414,0,0,1,0,0,0,0,0,0,1,0,1,1,1
674,8.3,1011,368,0,0,1,0,0,1,0,0,0,1,1,1,1,0
675,8.5,581,171,0,0,1,0,0,0,0,0,0,1,0,0,1,1
676,7.5,5,820,0,0,0,0,0,0,0,0,1,0,0,0,0,1
677,7.5,2122,257,1,0,0,0,0,1,0,0,0,1,0,1,0,1
678,7.8,596,339,0,1,0,0,0,1,1,0,1,0,0,0,1,1
679,7.5,132,248,0,0,1,0,0,1,1,0,1,0,0,0,0,1
681,8.3,2122,749,1,0,1,0,0,1,1,0,0,1,0,1,1,1
682,8.7,1189,487,0,0,1,0,0,1,1,0,0,1,0,1,1,0
683,8.5,4418,889,0,0,1,0,0,1,1,0,0,1,0,1,1,1
684,8.4,981,1377,0,0,0,0,0,1,1,0,1,1,0,1,0,1
685,8.2,4,36,0,0,1,0,0,0,0,0,0,1,0,0,1,1
686,8.6,410,555,0,1,0,0,0,1,1,0,0,1,0,1,1,1
688,8.2,578,516,1,0,0,0,0,0,0,0,0,1,0,1,1,1
689,6.8,9,448,0,0,1,0,0,0,0,0,0,1,1,0,1,1
690,8.9,531,618,0,0,1,0,0,1,1,0,0,1,0,0,1,0
691,7.1,1366,462,0,1,0,0,0,0,0,0,1,1,0,0,1,1
692,8.2,1099,705,0,1,0,0,0,1,1,0,0,1,0,1,0,1
693,8.3,197,209,0,1,0,0,0,1,1,0,0,1,0,1,1,0
694,7.7,3174,201,1,0,0,0,0,0,0,0,0,1,0,1,1,1
696,7.8,2128,0,0,1,0,0,0,1,1,0,1,1,0,1,1,1
697,9.1,477,1460,0,0,1,0,0,1,0,0,0,1,1,1,1,1
698,8.0,2369,459,0,0,1,0,0,1,1,0,0,0,0,0,0,1
699,8.5,4691,952,0,0,0,0,0,0,0,0,1,1,0,1,0,1
700,7.9,402,676,0,0,0,0,0,1,1,0,1,1,0,1,0,0
701,8.6,65,224,0,1,0,0,0,0,0,0,0,1,0,0,1,1
702,8.3,1347,553,0,0,1,0,0,1,1,0,0,1,0,1,0,1
704,8.6,6886,1477,0,0,0,0,0,1,0,0,1,0,0,1,0,1
705,8.2,36,1675,0,0,1,0,0,0,1,0,0,1,1,1,0,1
706,8.9,2722,1198,0,0,0,0,0,1,0,0,1,0,0,0,0,1
707,8.5,2162,1164,0,0,1,0,0,1,1,0,0,1,0,1,0,2
708,7.8,220,126,0,1,0,0,0,0,0,0,0,1,0,0,1,0
710,8.5,939,561,0,0,1,0,0,0,0,0,0,1,0,1,1,1
711,8.6,757,437,0,0,1,0,0,1,1,0,0,1,1,1,1,1
712,8.1,137,144,0,1,1,0,0,0,0,0,1,1,0,0,1,1
713,7.9,447,502,0,1,0,0,0,1,0,0,0,1,0,1,1,0
714,8.0,1256,436,0,0,0,0,0,1,0,0,1,0,1,0,0,1
715,8.0,1527,885,1,0,0,0,0,1,1,0,0,1,0,1,1,1
716,8.4,1715,1174,1,0,0,0,0,1,1,0,0,1,0,0,1,1
717,7.8,884,454,1,0,1,0,0,0,0,0,0,1,0,1,1,1
718,8.2,2018,272,0,1,0,0,0,1,1,0,1,1,0,0,1,1
719,7.6,3285,253,1,0,0,0,0,1,1,0,0,1,0,1,0,1
720,8.5,1286,128,0,0,1,0,0,0,0,0,0,1,0,0,1,1
721,8.0,785,394,0,0,1,0,0,0,0,0,0,0,0,0,1,1
722,8.8,139,317,0,1,0,0,0,0,0,0,0,1,0,0,0,1
725,8.2,195,1104,1,0,0,0,0,1,1,0,0,1,0,1,1,1
726,8.1,419,178,0,0,1,0,0,1,1,0,0,0,0,0,1,0
727,8.4,96,1135,0,0,1,0,0,0,0,0,0,1,1,1,0,1
730,8.9,1433,449,0,1,0,0,0,0,0,0,0,1,0,1,1,0
731,7.6,103,177,0,0,1,0,0,0,0,0,0,0,0,0,0,1
732,7.9,644,524,0,0,1,0,0,1,0,0,0,1,0,1,1,1
734,7.8,2448,357,0,0,1,0,0,1,0,0,0,1,0,1,0,1
735,9.2,4743,1525,0,0,1,0,0,1,1,0,0,1,1,1,0,1
736,8.7,1172,565,0,1,0,0,0,1,1,0,1,0,0,0,0,0
737,7.4,48,657,0,0,1,0,0,1,1,0,0,1,1,1,1,1
739,8.2,640,303,1,0,0,0,0,0,0,0,0,1,0,0,0,1
740,8.3,966,299,0,1,0,0,0,1,1,0,1,0,0,0,1,1
742,8.1,2593,726,0,0,1,0,0,1,0,0,0,1,1,1,1,1
743,9.0,237,1819,0,1,0,0,0,1,1,0,1,1,0,1,1,1
744,8.6,4507,1841,0,0,0,0,0,1,1,0,0,1,1,1,0,1
745,7.8,865,442,0,0,0,0,0,1,1,0,1,1,0,0,1,1
746,7.9,189,862,0,0,1,0,0,0,0,0,0,1,0,1,1,1
747,7.6,444,167,0,1,0,0,0,0,0,0,0,1,0,1,1,0
748,7.8,357,129,0,0,1,0,0,1,1,0,0,1,0,1,1,0
749,7.4,571,183,0,1,0,0,0,0,0,0,1,1,0,1,1,1
750,8.4,258,286,0,0,0,0,0,1,1,0,0,1,1,1,1,1
751,8.3,714,259,1,0,0,0,0,1,0,0,0,1,0,1,0,1
752,8.7,56,204,0,0,1,0,0,0,0,0,0,1,0,1,1,1
753,6.9,20,0,0,0,1,0,0,1,1,0,0,1,0,0,1,1
754,8.6,619,605,0,0,0,0,0,1,1,0,1,1,0,0,0,0
755,9.1,4410,1832,0,0,1,0,0,1,1,0,0,1,0,1,1,1
758,8.4,3166,1062,0,0,0,0,0,1,0,0,0,1,1,1,0,1
759,8.7,1227,885,0,1,0,0,0,1,0,0,0,1,0,1,0,0
760,7.4,29,1155,0,0,1,0,0,0,0,0,0,1,0,0,1,1
762,7.8,690,273,0,1,0,0,0,0,0,0,1,1,0,1,1,1
763,8.5,1309,1225,0,0,1,0,0,1,1,0,0,1,1,1,1,0
764,8.9,4386,1090,0,0,1,0,0,0,0,0,0,1,0,1,1,1
766,8.6,801,120,0,0,1,0,0,0,0,0,0,1,1,1,0,1
768,7.9,344,109,0,1,0,0,0,1,1,0,1,0,0,0,1,1
770,7.9,13,181,0,0,1,0,0,0,0,0,0,0,0,0,0,1
771,9.2,342,808,0,0,1,0,0,0,1,0,0,0,1,0,1,1
772,8.3,97,713,0,0,1,0,0,0,0,0,0,1,1,1,1,1
773,8.0,1550,803,0,1,0,0,0,0,0,0,1,1,0,1,1,1
775,7.2,1478,382,0,0,1,0,0,1,1,0,0,1,0,1,1,1
776,8.6,1459,588,0,0,1,0,0,0,0,0,0,0,0,0,1,0
777,9.0,1833,550,0,1,0,0,0,0,0,0,0,0,0,0,0,1
778,7.9,923,916,0,0,1,0,0,1,1,0,1,0,0,0,0,1
779,8.4,787,522,1,0,1,0,0,0,1,0,0,1,1,1,1,0
780,7.6,220,358,0,0,1,0,0,0,0,0,0,1,0,1,1,1
782,8.3,336,387,1,1,0,0,0,0,0,0,0,1,0,0,0,1
783,7.2,11,379,0,0,1,0,0,0,0,0,0,0,0,0,1,1
784,8.5,2516,944,0,0,1,0,0,1,1,0,0,1,1,1,0,1
785,8.2,41,226,0,1,1,0,0,1,1,0,0,1,0,0,1,1
786,8.2,290,344,0,1,0,0,0,1,1,0,1,1,0,1,1,1
788,7.9,869,352,1,0,1,0,0,1,1,0,0,1,0,1,1,1
789,8.3,4244,889,0,1,0,0,0,1,1,0,1,1,0,1,0,1
791,7.7,1052,208,0,0,1,0,0,0,0,0,1,1,0,1,0,1
792,8.9,1139,780,0,1,0,0,0,1,1,0,1,1,0,1,1,1
793,7.7,877,1510,1,0,1,0,0,1,1,0,0,1,1,1,1,1
794,8.2,45,240,1,0,1,0,0,0,0,0,0,0,0,0,1,1
795,7.8,212,316,0,1,0,0,0,1,0,0,1,1,0,1,1,1
798,8.4,289,121,0,0,1,0,0,0,0,0,0,0,0,0,0,1
799,8.2,228,392,1,0,0,0,0,0,0,0,0,1,0,1,1,1
800,8.9,1166,638,1,0,0,0,0,1,0,0,0,1,0,1,0,1
801,8.4,257,1114,0,0,1,0,0,0,0,0,0,1,0,1,0,1
802,8.7,1622,326,0,0,1,0,0,1,1,0,1,1,0,0,0,1
804,8.6,2406,225,0,0,1,0,0,1,1,0,0,0,0,0,1,1
805,8.1,1387,469,1,0,1,0,0,1,0,0,0,1,0,1,0,1
806,9.0,772,330,0,0,1,0,0,0,0,0,0,0,0,0,1,1
807,7.8,14,196,0,0,1,0,0,1,1,0,0,1,0,0,0,1
808,8.1,412,317,0,0,1,0,0,1,1,0,0,1,1,1,1,1
809,8.6,3892,351,0,0,1,0,0,1,0,0,0,0,1,1,0,1
810,8.5,1298,584,0,0,1,0,0,0,0,0,0,1,0,1,0,0
811,8.5,3184,707,0,1,0,0,0,1,1,0,0,0,0,1,0,1
812,8.7,1785,705,0,0,1,0,0,0,0,0,0,1,1,1,0,1
814,8.8,834,396,0,1,0,0,0,1,0,0,0,0,0,0,0,0
815,8.3,240,200,0,1,0,0,0,1,1,0,0,1,0,1,1,0
817,8.2,4479,436,0,0,1,0,0,1,1,0,0,1,0,1,1,1
818,8.8,803,402,0,1,0,0,0,0,0,0,0,1,0,1,1,0
819,8.4,221,152,1,0,0,0,0,1,1,0,0,1,0,1,1,1
820,8.2,2805,326,0,0,0,0,0,1,1,0,0,1,1,1,1,1
822,8.6,90,615,0,0,1,0,0,0,0,0,0,0,0,0,1,0
823,9.1,178,1606,0,0,1,0,0,1,1,0,0,1,1,1,1,1
824,8.4,855,325,0,0,1,0,0,0,0,0,0,0,0,0,1,1
827,8.1,1172,579,1,0,0,0,0,0,0,0,0,1,0,1,0,1
828,7.9,101,239,1,0,0,0,0,0,0,0,0,0,0,0,1,0
829,8.8,233,965,0,0,1,0,0,0,1,0,0,1,0,0,0,1
830,7.4,70,24,0,0,0,0,0,0,0,0,1,0,0,0,0,0
831,8.6,1416,1085,1,0,0,0,0,1,1,0,0,1,0,1,0,1
832,8.7,329,108,0,0,1,0,0,1,1,0,0,0,0,0,1,0
833,7.6,1511,218,1,0,1,0,0,0,0,0,0,1,0,1,1,1
834,7.7,69,130,0,1,0,0,0,1,0,0,0,1,0,1,1,1
835,7.5,4181,0,0,0,0,0,0,0,0,0,1,0,0,0,0,1
836,8.4,7,1026,0,1,0,0,0,0,1,0,0,1,0,1,1,1
837,7.8,1125,157,0,0,0,0,0,0,0,0,1,0,0,0,1,1
840,7.6,1364,580,0,0,1,0,0,0,0,0,0,1,0,0,1,1
841,8.2,193,386,0,1,0,0,0,0,0,0,0,1,0,1,1,1
843,8.7,201,286,0,0,1,0,0,1,0,0,0,0,0,0,1,0
844,8.4,1308,734,0,0,1,0,0,1,1,0,0,1,0,1,1,1
846,8.1,784,463,0,0,1,0,0,1,1,0,0,1,1,1,1,1
847,8.0,521,203,0,0,1,0,0,1,0,0,0,1,0,1,1,1
848,8.0,22,423,0,0,1,0,0,1,1,0,0,0,0,0,1,1
849,8.1,1005,342,0,1,0,0,0,0,0,0,1,0,0,0,1,1
850,8.9,4566,287,0,1,0,0,0,1,0,0,0,1,0,1,1,0
852,7.1,51,373,0,0,1,0,0,1,1,0,1,1,1,0,0,1
853,8.3,2213,298,0,1,0,0,0,0,0,0,1,1,0,0,1,1
855,8.2,343,477,0,0,1,0,0,1,1,0,0,1,1,1,1,1
856,8.5,895,219,0,1,0,0,0,0,1,0,1,1,0,1,1,1
857,8.6,2866,1087,1,0,0,0,0,1,1,0,0,1,0,1,0,1
858,7.9,361,215,0,1,1,0,0,0,1,0,1,0,0,0,1,1
859,8.2,502,119,0,1,1,0,0,1,1,0,0,1,0,0,1,0
860,8.4,20,133,0,0,1,0,0,0,1,0,0,0,0,0,0,1
862,9.2,3116,1298,0,0,1,0,0,0,0,0,0,0,0,0,1,1
863,7.9,876,341,0,0,0,0,0,0,0,0,1,0,0,0,0,1
865,8.5,833,1233,0,1,0,0,0,0,0,0,1,1,0,0,0,1
866,8.3,729,855,0,1,0,0,0,0,0,0,0,1,0,1,1,0
868,8.1,2308,849,0,0,0,0,0,1,1,0,1,1,0,1,0,1
869,6.9,17,68,0,1,0,0,0,0,0,0,1,0,0,0,1,1
870,8.4,428,140,0,0,1,0,0,1,0,0,0,1,0,0,1,1
871,8.7,937,287,0,0,1,0,0,0,0,0,0,1,0,0,0,0
872,8.2,1543,265,1,0,1,0,0,1,1,0,0,1,0,1,1,1
873,8.0,85,121,0,0,1,0,0,0,0,0,0,1,0,1,1,1
874,8.4,1608,462,0,0,1,0,0,1,1,0,0,1,0,1,1,0
876,7.8,7,1276,0,1,0,0,0,0,0,0,0,1,0,1,0,1
877,8.0,1123,112,0,0,1,0,0,0,0,0,0,1,0,1,1,1
878,8.3,1178,406,0,0,1,0,0,0,0,0,0,0,0,0,1,1
879,8.5,9,248,0,0,1,0,0,1,1,0,0,1,0,0,0,1
880,7.3,21,258,0,0,1,0,0,0,0,0,0,1,0,0,0,1
881,8.6,836,408,0,0,1,0,0,1,1,0,0,1,0,0,1,1
882,8.7,387,220,0,0,1,0,0,1,1,0,0,0,0,0,0,1
883,7.5,763,397,1,0,0,0,0,0,1,0,0,1,0,1,1,1
885,8.1,1007,413,0,0,0,0,0,1,1,0,1,1,0,1,0,1
886,8.4,3557,546,0,0,0,0,0,1,1,0,1,1,0,1,0,1
887,8.2,1489,1067,0,0,1,0,0,0,0,0,0,1,1,1,0,1
891,7.6,2050,612,1,1,0,0,0,1,1,0,1,1,0,1,1,1
892,8.3,575,319,0,0,1,0,0,0,0,0,0,0,0,0,0,1
893,8.3,9,117,0,1,1,0,0,0,0,0,0,1,0,0,1,1
894,8.3,1906,334,1,0,0,0,0,0,0,0,0,1,0,1,1,1
895,8.6,462,174,0,0,1,0,0,1,0,0,0,1,0,0,1,1
896,8.0,2115,212,0,0,0,0,0,0,0,0,0,1,1,1,1,1
897,7.9,3960,1236,0,0,1,0,0,1,0,0,0,1,0,1,1,1
898,7.7,494,119,0,1,0,0,0,1,1,0,1,0,0,0,1,1
900,7.3,98,284,0,0,0,0,0,0,0,0,1,1,0,1,0,1
901,8.5,71,321,0,0,1,0,0,0,0,0,0,0,0,0,0,1
902,8.2,255,753,0,0,1,0,0,0,0,0,0,0,0,0,0,1
903,8.5,1020,622,0,0,0,0,0,1,1,0,1,1,0,1,0,1
905,8.6,648,593,1,0,0,0,0,0,0,0,0,1,0,1,0,1
906,8.6,154,225,0,0,1,0,0,1,1,0,0,1,0,0,0,1
907,7.1,125,0,0,1,0,0,0,1,0,0,1,0,0,0,1,1
908,8.1,3208,830,0,0,1,0,0,1,0,0,0,1,0,1,1,1
909,8.4,1525,786,1,0,1,0,0,1,1,0,0,1,0,1,1,1
910,8.6,82,272,0,1,0,0,0,0,0,0,0,1,0,0,1,1
911,8.4,16,209,0,0,1,0,0,1,0,0,0,0,0,0,1,1
912,8.2,2495,385,0,1,0,0,0,1,1,0,1,1,0,1,1,1
913,7.7,130,157,0,1,0,0,0,0,0,0,1,1,0,1,1,1
914,7.9,3418,914,0,0,1,0,0,1,1,0,0,1,0,1,1,1
915,8.6,1235,458,1,0,0,0,0,1,1,0,0,1,0,1,0,1
916,9.0,906,177,0,1,0,0,0,1,0,0,1,0,0,1,1,1
917,7.7,41,66,0,0,1,0,0,0,0,0,0,0,0,0,0,1
918,8.1,2871,480,0,1,0,0,0,1,1,0,1,1,0,1,1,1
919,8.3,362,606,1,0,0,0,0,0,0,0,0,1,0,1,1,1
920,8.9,2274,855,0,0,1,0,0,1,0,0,0,1,0,1,0,1
921,7.4,142,102,0,0,0,0,0,0,1,0,1,0,0,0,0,1
922,8.8,1949,1651,1,0,0,0,0,1,0,0,0,1,0,1,1,1
923,8.0,1783,499,0,1,0,0,0,0,1,0,1,1,0,1,1,1
924,9.0,6438,1078,0,0,1,0,0,1,1,0,0,0,0,0,0,1
925,8.1,710,136,0,0,1,0,0,0,0,0,0,1,0,1,1,1
926,8.2,830,260,0,0,1,0,0,0,0,0,0,0,0,0,1,0
927,8.9,616,721,0,0,1,0,0,1,1,0,0,1,1,1,1,0
928,7.9,1159,437,0,0,1,0,0,1,1,0,0,1,0,1,1,1
929,7.6,285,208,1,0,1,0,0,1,0,0,0,1,0,1,0,0
930,8.4,2031,571,0,0,1,0,0,1,0,0,0,0,1,1,1,1
931,7.8,357,596,0,0,1,0,0,0,0,0,0,1,0,1,1,1
932,8.4,63,176,1,0,0,0,0,0,0,0,0,1,0,1,1,1
935,7.8,1290,270,0,0,0,0,0,0,1,0,1,0,0,0,0,1
936,8.1,825,361,0,1,0,0,0,1,0,0,1,1,0,1,1,1
937,7.7,333,240,0,1,0,0,0,0,0,0,0,1,0,1,0,1
938,8.2,603,51,0,0,1,0,0,0,0,0,0,0,0,0,0,1
939,8.0,2486,368,0,0,1,0,0,1,1,0,0,1,0,1,1,1
940,8.1,67,361,0,0,0,0,0,0,0,0,0,1,1,0,0,1
941,8.5,184,70,0,0,0,0,0,0,0,0,1,0,0,0,0,1
942,7.5,124,206,0,0,1,0,0,1,0,0,0,1,1,1,1,1
943,8.8,3479,1085,0,0,1,0,0,1,1,0,0,1,1,1,0,1
944,8.6,13,502,0,0,1,0,0,0,0,0,0,1,1,1,0,1
945,8.4,3302,395,0,1,0,0,0,1,1,0,1,0,0,1,1,1
946,8.4,22,543,0,0,1,0,0,1,0,0,0,1,1,0,1,0
948,7.4,47,231,0,0,0,0,0,0,0,0,1,0,0,0,1,1
950,8.6,1803,1016,0,0,1,0,0,1,0,0,0,1,0,1,1,1
951,9.0,793,1431,0,0,1,0,0,1,1,0,0,1,1,1,1,1
952,8.3,4296,378,1,0,0,0,0,0,0,0,0,1,0,1,0,0
956,8.1,384,504,1,0,0,0,0,1,0,0,0,1,0,1,1,0
957,9.1,1831,1128,0,0,0,0,0,1,1,0,1,1,0,1,0,1
958,8.4,507,201,0,0,1,0,0,0,1,0,0,1,0,1,1,1
960,8.1,1804,113,0,1,0,0,0,0,0,0,0,1,0,1,1,1
961,8.9,5265,1260,0,0,1,0,0,1,0,0,0,1,1,1,0,1
962,8.3,21,210,0,0,0,0,0,1,0,0,0,1,1,0,1,1
964,8.3,15,0,0,1,1,0,0,0,0,0,0,1,0,0,0,1
965,8.7,776,1214,0,0,1,0,0,0,1,0,0,1,1,1,1,1
966,7.7,1037,256,0,0,1,0,0,1,1,0,0,0,0,0,1,0
967,8.6,140,1719,0,0,1,0,0,1,1,0,0,0,0,0,1,1
969,8.3,3116,1234,0,1,0,0,0,0,0,0,1,1,0,1,1,1
970,7.9,26,46,0,1,1,0,0,0,0,0,0,1,0,0,0,0
971,8.4,2596,507,0,0,1,0,0,1,1,0,1,1,0,1,0,1
972,8.5,2557,656,0,0,1,0,0,0,0,0,0,0,0,0,1,0
973,8.7,325,1206,0,0,0,0,0,0,0,0,1,1,0,1,0,1
974,8.3,563,66,0,0,1,0,0,0,0,0,1,0,0,0,0,1
975,6.8,13,190,0,1,0,0,0,0,0,0,0,1,0,0,1,1
978,7.3,1390,303,0,0,1,0,0,0,0,0,1,0,0,0,0,1
979,8.3,11,107,1,0,0,0,0,0,0,0,0,0,0,0,0,1
980,8.0,3465,1170,1,0,0,0,0,1,1,0,0,1,0,1,0,1
981,8.7,220,1061,0,1,0,0,0,1,0,0,0,1,0,1,0,1
983,8.5,298,236,0,1,0,0,0,1,1,0,0,1,0,1,1,0
984,7.3,453,203,0,0,0,0,0,1,1,0,1,1,0,1,0,1
985,7.2,26,189,1,0,0,0,0,0,0,0,0,1,0,0,1,1
986,8.1,2532,504,0,0,1,0,0,1,0,0,0,1,1,1,0,1
987,8.3,15,37,0,1,0,0,0,0,0,0,0,0,0,0,0,1
988,8.1,2405,365,0,1,0,0,0,1,1,0,1,0,0,0,1,1
989,7.9,370,349,0,0,1,0,0,1,0,0,0,1,0,1,1,1
990,8.2,63,197,0,1,1,0,0,1,0,0,0,0,0,0,1,1
993,8.5,2124,399,0,0,1,0,0,0,1,0,0,0,0,0,0,1
994,8.3,33,545,0,0,1,0,0,0,0,0,0,0,0,0,0,1
997,9.0,5240,1082,0,1,0,0,0,1,0,0,0,1,0,1,0,2
998,8.7,28,781,1,0,0,0,0,0,0,0,0,1,0,0,1,1
999,8.6,571,283,0,0,1,0,0,0,0,0,0,1,1,1,1,1
1000,8.0,1641,544,1,0,0,0,0,0,0,0,0,1,0,1,1,1
1002,8.0,295,432,0,0,1,0,0,1,0,0,0,0,0,0,0,2
1006,7.7,584,697,1,0,0,0,0,0,0,0,0,1,0,1,1,1
1007,8.6,643,307,0,1,0,0,0,1,1,0,0,1,0,0,1,0
1008,8.1,240,110,1,0,0,0,0,0,0,0,0,1,0,1,0,1
1009,8.6,873,249,0,0,1,0,0,1,1,0,0,0,0,0,0,0
1010,8.8,695,261,0,1,0,0,0,0,0,0,0,1,0,1,0,1
1011,8.7,4014,1284,0,0,1,0,0,1,0,0,0,1,0,1,0,2
1016,7.6,124,440,0,1,0,0,0,1,0,0,0,1,0,1,1,1
1017,8.3,2842,598,0,0,1,0,0,1,1,0,0,1,1,1,0,1
1018,8.3,231,287,0,0,1,0,0,1,1,0,0,1,0,1,0,0
1019,8.3,326,497,0,0,1,0,0,1,1,0,0,1,0,1,1,0
1020,8.0,1226,215,0,0,0,0,0,1,1,0,1,0,0,0,0,1
1021,8.2,3951,1050,1,0,0,0,0,1,1,0,0,1,0,1,0,1
1022,7.8,415,236,1,0,0,0,0,1,0,0,0,1,0,1,1,0
1024,8.2,1582,127,0,0,1,0,0,1,0,0,0,0,0,0,1,1
1025,9.2,1384,1491,0,0,0,0,0,1,0,0,1,1,0,1,0,0
1026,7.3,77,154,0,0,1,0,0,1,0,0,0,0,0,0,1,1
1027,8.7,1623,975,0,0,1,0,0,1,1,0,0,1,0,1,1,0
1028,8.3,1181,307,0,1,0,0,0,0,0,0,0,0,0,1,1,1
1029,8.4,50,62,0,1,1,0,0,0,0,0,0,1,0,0,1,1
1030,8.4,249,561,1,1,0,0,0,1,1,0,0,1,0,0,1,1
1032,8.7,2727,1667,0,0,1,0,0,0,1,0,0,1,0,1,1,0
1033,8.8,392,218,0,1,0,0,0,0,0,0,1,1,0,0,1,1
1035,8.2,2788,823,1,0,0,0,0,1,1,0,0,1,0,1,0,1
1036,8.0,1609,821,0,1,0,0,0,1,1,0,1,0,0,1,1,1
1037,7.9,502,219,0,0,0,0,0,0,0,0,0,1,1,1,1,1
1039,7.1,11,0,0,0,1,0,0,0,0,0,0,1,0,0,1,1
1040,8.0,1061,291,0,0,1,0,0,1,1,0,0,1,0,0,1,0
1043,7.7,36,191,0,0,1,0,0,1,1,0,0,1,0,1,1,1
1045,7.6,1270,279,0,0,0,0,0,1,0,0,1,0,0,0,1,1
1046,8.3,128,119,0,0,1,0,0,1,0,0,0,1,0,1,1,0
1047,8.0,152,238,0,0,1,0,0,0,0,0,0,1,0,1,1,1
1048,8.5,5392,950,0,0,1,0,0,1,1,0,0,1,0,0,1,1
1049,7.0,27,642,0,0,0,0,0,1,1,0,1,0,0,0,1,1
1050,8.4,2279,606,0,0,1,0,0,1,1,0,0,1,1,1,1,1
1052,8.5,513,345,0,0,1,0,0,1,1,0,0,1,0,0,0,1
1053,8.9,3906,1432,0,0,1,0,0,1,1,0,0,1,0,1,0,2
1054,8.4,489,263,1,0,0,0,0,0,0,0,0,1,0,1,1,1
1055,8.7,138,0,0,0,1,0,0,1,1,0,0,0,0,0,1,1
1056,8.2,523,202,0,0,1,0,0,0,0,0,0,1,0,1,1,0
1058,8.6,263,271,0,1,0,0,0,1,1,0,1,1,0,1,1,1
1059,9.2,520,1280,0,0,1,0,0,0,0,0,0,1,0,1,1,1
1060,8.2,1034,581,0,0,0,0,0,0,0,0,1,0,0,0,0,1
1061,8.0,971,285,0,0,0,0,0,1,0,0,1,1,0,1,1,1
1063,8.2,233,229,0,0,1,0,0,0,0,0,0,1,0,1,1,0
1064,8.5,328,148,0,0,1,0,0,0,0,0,0,0,0,0,1,0
1065,8.0,1653,371,0,1,0,0,0,1,1,0,1,1,0,1,1,1
1066,7.5,1976,233,1,0,0,0,0,1,1,0,0,1,0,1,1,1
1067,8.5,104,83,0,1,0,0,0,0,0,0,0,0,0,0,0,1
1068,8.2,5155,540,0,0,0,0,0,1,0,0,0,1,1,1,0,1
1069,7.6,190,231,0,1,0,0,0,0,0,0,1,1,0,1,1,1
1071,8.2,1384,212,0,1,0,0,0,0,0,0,0,1,0,1,1,1
1072,8.4,228,593,0,0,1,0,0,0,0,0,0,0,1,0,1,1
1073,8.7,517,802,1,0,0,0,0,0,0,0,0,0,0,1,0,1
1074,9.0,930,660,1,0,0,0,0,1,1,0,0,1,0,1,0,1
1075,7.6,294,196,0,0,0,0,0,0,0,0,1,1,0,1,1,1
1076,8.3,1422,1150,0,0,0,0,0,0,0,0,1,1,0,1,0,1
1078,7.5,311,277,0,0,1,0,0,0,0,0,0,1,0,1,0,0
1079,7.1,27,164,0,0,1,0,0,0,0,0,0,1,0,0,1,1
1080,8.4,717,297,0,0,1,0,0,0,0,0,0,1,0,1,1,1
1082,7.8,85,350,0,1,0,0,0,1,0,0,1,1,0,1,1,1
1087,7.9,4,102,0,1,0,0,0,0,0,0,0,1,0,1,1,1
1089,8.8,1118,975,0,0,1,0,0,0,0,0,0,1,0,1,1,1
1092,8.4,115,197,1,0,0,0,0,0,0,0,0,1,0,1,0,1
1095,7.4,17,311,0,0,1,0,0,1,1,0,0,1,0,0,1,1
1097,8.6,79,358,0,1,0,0,0,1,0,0,0,1,0,0,0,0
1100,8.5,102,202,0,0,1,0,0,1,1,0,0,1,0,1,1,1
1101,7.9,1362,349,0,1,0,0,0,1,1,0,1,1,0,1,1,1
1102,8.6,22,652,1,0,1,0,0,1,0,0,0,1,0,1,1,1
1103,8.5,68,80,0,0,1,0,0,0,0,0,0,1,0,0,1,1
1105,7.8,130,87,0,1,0,0,0,0,0,0,1,1,0,0,0,1
1106,7.6,198,471,0,1,0,0,0,0,0,0,0,0,0,0,1,1
1108,7.8,123,279,0,0,1,0,0,1,0,0,0,0,0,0,1,0
1110,7.9,2925,205,1,0,0,0,0,0,0,0,0,1,0,1,0,1
1111,8.2,1997,728,0,0,1,0,0,0,0,0,0,1,1,1,1,1
1112,8.3,4365,891,0,0,1,0,0,1,0,0,0,0,0,0,1,1
1113,8.0,3377,752,0,0,1,0,0,1,0,0,0,1,0,1,1,0
1114,8.0,606,247,0,1,0,0,0,0,0,0,1,1,0,1,1,1
1117,8.4,23,491,0,0,1,0,0,1,1,0,0,1,1,1,1,1
1118,8.5,2513,1089,0,0,0,0,0,1,0,0,0,1,1,0,0,1
1119,8.6,1010,1027,0,1,0,0,0,0,0,0,0,0,0,0,0,1
1120,7.9,69,281,0,0,1,0,0,0,1,0,0,1,1,0,1,1
1122,8.5,536,84,0,0,1,0,0,0,0,0,0,1,0,1,1,1
1123,8.1,5744,800,0,0,0,0,0,1,0,0,1,0,0,1,0,1
1124,8.3,172,579,0,0,1,0,0,1,0,0,0,1,0,1,1,1
1125,8.8,35,772,0,0,1,0,0,0,0,0,0,1,1,1,1,1
1126,7.5,141,170,0,0,1,0,0,1,1,0,0,1,1,1,1,1
1128,7.9,1532,348,1,0,1,0,0,1,1,0,0,1,0,1,1,1
1129,9.0,1875,387,0,0,1,0,0,1,1,0,0,0,0,0,0,0
1131,8.5,2613,1141,0,0,1,0,0,1,1,0,0,1,1,1,0,1
1133,8.3,5403,757,0,0,0,0,0,1,0,0,1,0,0,1,0,1
1137,8.3,1238,437,1,0,0,0,0,1,1,0,0,1,0,1,0,1
1138,8.3,1869,318,1,0,0,0,0,0,0,0,0,1,0,1,0,1
1139,8.1,1524,263,0,0,0,0,0,1,0,0,1,0,0,0,0,1
1140,9.1,408,1035,0,0,1,0,0,1,0,0,0,1,0,0,1,1
1141,8.5,130,223,0,0,1,0,0,1,1,0,0,1,0,1,1,1
1142,7.2,90,58,0,0,0,0,0,1,0,0,1,0,0,0,1,0
1143,8.8,420,316,0,0,0,0,0,1,0,0,1,1,0,1,1,1
1145,8.0,1156,262,0,0,1,0,0,1,1,0,0,0,0,1,1,1
1146,8.9,336,945,0,0,1,0,0,1,0,0,0,1,1,1,0,1
1147,8.2,37,0,0,0,1,0,0,0,0,0,0,0,0,0,0,1
1148,8.7,1108,291,0,0,1,0,0,1,1,0,0,0,0,0,1,1
1150,8.6,2056,1173,0,0,1,0,0,1,1,0,0,0,0,0,0,1
1151,7.7,1205,410,0,1,0,0,0,1,1,0,1,0,0,0,1,1
1152,9.0,521,778,0,0,1,0,0,1,1,0,0,1,1,1,1,1
1155,7.8,495,144,0,1,0,0,0,0,0,0,1,1,0,1,1,1
1157,7.3,114,748,0,1,0,0,0,1,1,0,1,1,0,1,0,1
1158,8.2,448,342,1,0,1,0,0,0,1,0,0,1,0,1,1,1
1159,8.0,80,169,0,0,1,0,0,0,0,0,0,1,0,1,0,1
1162,8.4,259,131,0,0,1,0,0,0,0,0,0,0,0,0,0,1
1164,8.6,1288,163,0,0,1,0,0,1,1,0,0,1,0,1,1,0
1167,7.5,1234,0,0,1,0,0,0,1,0,0,1,1,0,0,1,1
1169,8.5,1043,550,0,0,0,0,0,1,1,0,0,0,1,0,1,0
1170,7.8,836,401,0,0,1,0,0,0,0,0,0,1,1,1,1,1
1171,8.4,741,297,0,0,1,0,0,1,1,0,0,1,0,0,1,1
1172,8.2,340,133,0,1,0,0,0,1,0,0,1,0,0,0,1,1
1174,8.6,846,580,0,0,1,0,0,0,0,0,0,1,0,0,1,1
1175,8.4,1062,0,0,1,0,0,0,1,0,0,1,0,0,0,1,1
1176,8.7,579,449,0,0,1,0,0,0,0,0,0,1,0,0,0,0
1177,7.9,1308,215,1,0,0,0,0,1,1,0,0,1,0,1,0,1
1178,8.7,2547,611,0,0,1,0,0,0,0,0,0,1,1,0,0,1
1179,7.9,562,623,1,0,0,0,0,1,1,0,0,1,0,1,0,1
1181,8.7,18,138,0,0,1,0,0,0,0,0,0,0,0,0,1,1
1183,9.3,1997,1554,0,0,0,0,0,0,0,0,1,0,0,0,1,1
1185,8.1,1617,528,0,0,0,0,0,0,0,0,1,1,0,1,0,1
1186,7.7,86,79,0,0,0,0,0,0,0,0,1,0,0,0,0,1
1187,8.3,561,152,0,0,1,0,0,0,1,0,0,1,0,1,1,1
1188,7.6,34,358,0,0,1,0,0,0,1,0,0,1,0,0,1,1
1189,8.3,1419,525,0,1,0,0,0,0,0,0,0,1,0,1,0,1
1190,8.7,866,262,0,0,0,0,0,0,0,0,1,1,0,1,0,1
1191,7.8,94,171,0,0,1,0,0,1,0,0,0,0,0,0,0,1
1192,9.0,7022,913,0,1,0,0,0,0,0,0,0,1,0,1,0,1
1195,9.0,1462,1138,0,1,0,0,0,0,0,0,1,1,0,1,1,1
1196,8.0,48,70,0,0,1,0,0,0,0,0,0,1,0,1,1,1
1198,7.5,1299,205,0,0,1,0,0,1,1,0,0,1,0,1,1,1
1199,8.5,73,32,0,0,1,0,0,0,0,0,0,0,0,0,1,1
1200,8.5,1119,203,0,0,0,0,0,0,0,0,1,0,0,0,1,1
1201,8.9,767,578,0,0,0,0,0,0,0,0,1,1,0,0,0,1
1202,8.6,760,687,1,0,0,0,0,1,1,0,0,1,0,1,1,1
1203,7.6,127,748,0,0,1,0,0,1,1,0,0,0,0,1,1,1
1204,7.3,2588,251,0,0,1,0,0,1,1,0,0,0,0,0,0,1
1206,8.4,4566,1012,0,0,1,0,0,1,0,0,0,1,1,1,0,1
1207,8.3,2139,975,0,0,1,0,0,0,0,0,0,1,0,1,1,0
1208,7.4,84,517,0,0,1,0,0,1,1,0,0,1,0,1,1,1
1209,8.1,2087,183,0,0,0,0,0,1,1,0,1,1,0,1,0,1
1210,8.4,448,142,0,1,0,0,0,1,1,0,0,1,0,0,1,1
1211,7.7,1480,61,0,1,0,0,0,1,1,0,1,0,0,0,1,1
1212,8.5,102,48,0,1,0,0,0,0,0,0,1,0,0,0,1,1
1214,8.4,1649,289,0,1,0,0,0,1,1,0,1,0,0,0,1,1
1215,8.5,280,372,0,0,1,0,0,1,1,0,0,1,0,0,0,1
1216,7.9,128,88,0,0,0,0,0,0,1,0,1,0,0,0,1,1
1217,8.5,638,145,0,0,1,0,0,0,0,0,0,1,1,1,1,1
1218,8.9,501,991,0,1,1,0,0,1,1,0,1,1,0,0,1,1
1219,8.1,622,451,0,0,0,0,0,0,0,0,1,1,0,1,0,1
1220,8.3,499,472,0,1,0,0,0,0,1,0,0,1,0,1,1,0
1221,8.5,554,105,0,0,1,0,0,1,1,0,0,0,0,0,1,0
1222,8.1,4619,1,0,0,1,0,0,1,0,0,0,0,0,0,1,1
1223,7.9,215,338,0,1,0,0,0,0,1,0,0,1,0,1,1,1
1225,8.3,2867,1223,0,1,0,0,0,1,1,0,1,1,0,1,0,1
1226,8.5,253,402,0,1,0,0,0,0,0,0,1,1,0,1,1,0
1227,7.9,247,405,0,1,0,0,0,0,0,0,0,1,0,1,0,2
1229,8.8,1434,262,0,0,1,0,0,0,0,0,0,0,0,1,1,2
1230,8.4,5893,927,1,0,0,0,0,1,0,0,0,1,0,1,0,1
1231,8.6,2724,585,0,0,1,0,0,0,0,0,0,0,0,1,1,1
1232,8.9,1296,1867,0,1,0,0,0,1,1,0,0,1,0,1,0,1
1233,8.2,31,303,1,0,0,0,0,0,0,0,0,1,0,1,0,1
1234,7.8,2471,290,0,1,0,0,0,1,1,0,1,1,0,1,0,1
1235,7.7,3535,519,1,0,0,0,0,1,1,0,0,1,0,1,1,1
1236,7.9,2958,913,0,0,0,0,0,1,1,0,1,0,0,0,0,1
1238,8.3,1100,226,0,0,1,0,0,1,1,0,0,1,1,1,0,1
1239,8.6,1041,619,1,0,0,0,0,1,1,0,0,1,0,0,0,1
1241,8.9,293,1043,0,1,0,0,0,1,1,0,0,1,0,0,1,1
1243,8.6,6352,1022,0,0,0,0,0,1,1,0,0,1,1,1,0,1
1244,8.6,1402,115,0,0,0,0,0,1,1,0,1,0,0,0,0,0
1245,8.7,1009,380,0,1,0,0,0,1,1,0,0,0,0,0,0,1
1246,8.2,201,245,0,0,1,0,0,1,1,0,0,1,0,1,1,0
1247,8.7,448,576,0,0,1,0,0,0,0,0,0,1,0,0,1,1
1249,7.9,72,301,0,1,0,0,0,1,1,0,1,1,0,1,1,1
1250,8.4,598,226,0,0,1,0,0,0,0,0,0,0,0,0,0,1
1252,7.9,478,470,0,1,0,0,0,1,0,0,1,1,0,0,1,0
1253,8.6,126,328,0,0,1,0,0,0,0,0,0,0,0,0,1,0
1254,7.6,2010,450,0,0,1,0,0,1,1,0,1,1,0,1,0,1
1255,8.5,351,250,0,1,1,0,0,1,0,0,0,0,0,0,0,1
1257,8.6,352,525,0,1,0,0,0,0,0,0,0,1,0,1,0,2
1258,7.6,34,165,0,0,1,0,0,1,1,0,0,0,0,0,1,1
1259,8.3,4340,661,1,0,0,0,0,1,1,0,0,1,0,1,0,1
1261,8.4,66,178,0,0,0,0,0,1,1,0,0,0,1,0,1,1
1262,8.6,459,467,0,0,1,0,0,1,1,0,0,1,1,0,0,1
1263,8.0,1406,136,0,0,1,0,0,0,0,0,0,0,0,0,1,1
1265,8.7,613,433,0,1,0,0,0,0,0,0,0,1,0,1,1,0
1266,8.6,28,399,0,0,1,0,0,0,0,0,0,0,0,0,1,1
1267,7.4,1115,74,0,0,0,0,0,1,0,0,1,1,0,1,0,1
1268,9.1,932,1762,0,0,0,0,0,1,1,0,0,1,1,1,1,1
1269,8.7,2716,1266,0,0,1,0,0,0,0,0,0,1,0,1,0,1
1271,8.3,339,564,1,0,0,0,0,0,1,0,0,1,0,1,1,1
1272,8.7,2482,602,0,1,1,0,0,0,0,0,0,1,0,1,0,1
1273,9.1,1608,621,0,0,1,0,0,0,0,0,0,1,0,0,1,1
1274,8.2,37,286,0,0,1,0,0,0,0,0,1,0,0,0,0,1
1276,8.0,11,164,0,0,1,0,0,0,0,0,0,0,0,0,0,1
1277,7.8,2098,509,1,0,0,0,0,1,1,0,0,1,0,1,1,1
1278,8.4,5255,765,0,0,1,0,0,1,0,0,0,1,1,1,0,1
1279,8.3,22,894,1,0,0,0,0,0,0,0,0,1,0,1,0,1
1280,8.3,3400,472,0,0,1,0,0,1,1,0,0,1,1,1,0,1
1281,8.6,3405,1088,0,0,0,0,0,1,0,0,1,1,0,1,0,1
1282,8.5,252,604,0,0,0,0,0,0,0,0,1,0,0,0,0,1
1283,8.2,4371,443,1,0,0,0,0,1,1,0,0,1,0,1,1,0
1284,8.0,454,213,0,0,0,0,0,0,0,0,1,0,0,0,1,1
1285,8.7,1597,697,1,0,0,0,0,1,1,0,0,1,0,1,1,1
1286,8.0,23,156,0,0,1,0,0,0,0,0,0,0,0,0,1,0
1287,8.3,1508,1468,0,1,1,0,0,0,0,0,0,1,0,0,1,0
1290,8.8,616,704,0,1,0,0,0,0,0,0,0,0,0,0,1,1
1291,8.6,2319,911,0,0,1,0,0,1,0,0,0,0,0,1,0,1
1292,8.6,209,267,0,0,1,0,0,0,0,0,0,0,0,0,1,1
1294,8.0,1869,323,1,0,0,0,0,1,1,0,0,1,0,1,0,1
1295,9.0,1558,306,0,1,0,0,0,1,1,0,0,1,0,1,1,0
1296,7.4,1033,1661,0,1,0,0,0,1,1,0,0,0,0,1,0,1
1297,8.1,4129,642,0,0,1,0,0,1,1,0,0,1,1,1,0,1
1298,8.3,713,252,0,1,0,0,0,1,1,0,0,1,0,1,1,1
1299,7.8,3996,511,0,0,0,0,0,1,1,0,1,1,0,1,0,1
1301,7.8,4123,557,0,0,1,0,0,1,1,0,0,1,1,1,0,1
1302,8.5,425,503,0,1,0,0,0,1,0,0,1,1,0,1,1,0
1303,8.1,623,298,0,0,1,0,0,0,0,0,0,1,0,1,1,0
1307,8.6,617,393,1,0,0,0,0,0,0,0,0,1,0,1,0,1
1308,8.2,37,695,0,0,1,0,0,0,0,0,0,1,0,0,1,1
1309,7.1,118,81,0,0,1,0,0,1,1,0,0,1,0,1,1,1
1310,8.2,2223,674,0,0,0,0,0,1,0,0,1,1,0,0,0,1
1311,8.1,2436,985,1,0,0,0,0,1,1,0,0,1,0,1,0,1
1313,8.1,599,229,0,1,0,0,0,0,0,0,1,0,0,0,1,1
1314,7.9,954,710,1,0,0,0,0,1,1,0,0,1,0,1,0,1
1315,8.2,8,267,0,0,0,0,0,0,0,0,1,1,0,1,0,1
1316,9.2,38,1081,0,0,0,0,0,0,0,0,1,1,0,1,1,1
1317,9.1,100,982,0,0,0,0,0,1,1,0,1,0,0,0,0,1
1318,8.6,775,663,0,0,1,0,0,1,0,0,0,1,1,1,0,1
1319,9.2,1088,554,0,0,1,0,0,0,0,0,0,0,0,0,0,0
1321,7.3,183,271,0,1,0,0,0,0,0,0,1,1,0,1,1,1
1322,8.6,23,644,1,0,0,0,0,0,0,0,0,1,0,0,0,1
1323,8.3,2838,404,0,0,1,0,0,1,0,0,0,1,0,1,1,1
1324,7.5,94,222,0,0,1,0,0,1,1,0,0,1,1,0,1,1
1325,7.7,124,771,0,0,1,0,0,0,1,0,1,0,0,0,0,0
1326,8.4,257,283,0,0,0,0,0,0,0,0,1,1,0,1,1,1
1328,7.9,2516,796,0,0,0,0,0,1,1,0,1,1,0,1,0,1
1329,8.7,206,576,0,0,1,0,0,1,1,0,0,1,1,0,1,1
1330,8.0,153,0,0,0,0,0,0,0,0,0,1,0,0,1,0,1
1331,8.2,102,200,0,0,1,0,0,1,0,0,0,1,0,1,1,1
1332,7.1,28,113,0,0,1,0,0,0,0,0,0,0,0,0,1,1
1333,8.8,1349,190,0,0,0,0,0,0,0,0,1,0,0,0,0,1
1334,8.5,1337,180,0,1,0,0,0,0,0,0,0,1,0,1,1,1
1335,8.5,132,264,0,0,1,0,0,0,0,0,0,0,0,0,0,1
1336,8.2,676,271,0,1,0,0,0,1,1,0,0,1,0,1,1,0
1337,8.6,196,130,0,0,0,0,0,0,0,0,1,1,0,1,1,1
1339,8.6,783,951,0,0,0,0,0,1,1,0,1,0,0,0,0,1
1343,8.6,4124,188,1,0,0,0,0,0,0,0,0,1,0,1,1,1
1344,8.5,2395,332,0,1,0,0,0,1,0,0,1,1,0,0,1,1
1345,8.3,750,347,0,0,1,0,0,1,1,0,0,1,0,1,1,1
1346,8.1,695,656,0,0,1,0,0,0,0,0,0,1,0,1,1,1
1347,8.1,545,451,0,1,0,0,0,1,0,0,0,1,0,1,1,0
1349,8.0,1422,726,0,0,1,0,0,1,0,0,1,1,0,0,0,1
1350,8.2,1011,261,0,0,1,0,0,1,1,0,0,1,1,1,0,1
1351,8.9,1253,984,0,0,1,0,0,1,1,0,0,1,1,1,0,1
1352,8.2,61,245,0,1,0,0,0,0,0,0,0,1,0,1,1,1
1353,8.2,607,381,0,0,1,0,0,0,0,0,0,1,0,1,1,0
1354,8.1,1657,206,0,1,0,0,0,1,1,0,0,1,0,1,1,0
1355,7.5,231,157,1,0,0,0,0,1,1,0,0,1,0,0,0,0
1356,7.9,635,1065,0,1,0,0,0,1,1,0,0,1,0,1,0,1
1360,8.4,29,321,0,1,0,0,0,0,0,0,1,1,0,0,0,1
1363,8.7,1961,1251,0,0,0,0,0,1,0,0,1,0,0,1,0,1
1365,8.1,551,413,0,1,0,0,0,0,1,0,1,0,0,0,1,1
1366,8.4,29,128,0,0,1,0,0,0,0,0,0,0,0,0,1,1
1367,7.1,425,106,0,1,1,0,0,0,0,0,0,1,0,0,1,0
1368,8.2,30,144,1,0,0,0,0,0,0,0,0,0,0,0,1,1
1369,7.8,370,212,0,0,1,0,0,0,0,0,0,1,1,1,1,1
1370,8.3,357,378,0,0,1,0,0,1,1,0,0,1,0,1,1,1
1371,8.5,305,445,0,0,1,0,0,0,0,0,0,0,0,0,0,0
1372,8.2,1995,160,0,0,1,0,0,1,0,0,0,1,1,1,0,1
1373,9.0,1471,708,0,0,1,0,0,1,0,0,0,1,1,0,1,0
1374,8.6,447,220,0,0,1,0,0,1,0,0,0,1,1,1,1,1
1376,8.8,3441,931,0,0,1,0,0,1,1,0,0,1,0,1,1,1
1377,8.2,3194,422,0,0,1,0,0,1,1,0,0,1,1,1,0,1
1378,7.8,232,833,0,1,0,0,0,0,0,0,0,1,0,1,0,1
1379,6.9,896,153,0,0,0,0,0,1,1,0,1,1,0,1,0,1
1380,8.9,1002,717,0,1,0,0,0,1,1,0,0,0,0,1,1,1
1381,8.8,488,628,0,0,1,0,0,1,0,0,0,0,0,0,1,0
1382,9.0,3492,1764,0,0,1,0,0,1,0,0,0,0,0,1,0,1
1383,9.0,1577,196,0,0,0,0,0,0,0,0,1,0,0,0,0,1
1384,8.6,584,1248,0,0,0,0,0,1,0,0,1,1,0,1,0,1
1385,8.4,301,353,0,0,0,0,0,1,1,0,1,1,0,1,1,0
1386,9.2,904,566,0,0,1,0,0,1,1,0,0,1,0,1,0,1
1387,8.3,3161,1023,0,0,1,0,0,1,0,0,0,1,1,1,0,1
1388,8.3,20,37,0,1,0,0,0,0,0,0,0,0,0,0,0,1
1389,8.4,2643,741,0,0,1,0,0,0,0,0,0,1,1,1,0,1
1390,7.4,211,238,0,1,0,0,0,0,0,0,1,0,0,0,1,1
1391,8.3,252,68,0,0,0,0,0,0,0,0,1,0,0,0,0,1
1392,7.6,731,144,0,0,0,0,0,0,0,0,1,1,0,0,1,1
1393,8.4,2218,105,0,1,1,0,0,0,1,0,0,1,0,1,1,1
1394,8.1,1470,105,0,1,0,0,0,1,1,0,1,0,0,0,1,1
1395,8.7,518,652,0,1,0,0,0,1,0,0,0,1,0,1,1,0
1396,7.0,1715,208,1,0,0,0,0,0,0,0,0,1,0,1,1,1
1397,7.9,387,765,0,0,1,0,0,0,0,0,0,1,0,1,1,1
1398,8.4,70,214,0,0,0,0,0,1,1,0,1,0,1,0,0,1
1399,8.4,83,202,0,0,1,0,0,1,1,0,0,1,0,0,1,1
1400,7.3,657,161,0,0,0,0,0,1,1,0,1,1,0,0,1,1
1402,8.1,434,540,0,0,1,0,0,0,0,0,0,1,0,1,1,1
1403,8.1,181,146,0,0,1,0,0,0,1,0,0,1,0,1,1,1
1404,7.7,1781,415,0,1,0,0,0,1,1,0,1,1,0,0,1,1
1406,6.9,44,159,1,0,0,0,0,0,0,0,0,0,0,0,0,1
1407,8.1,1071,685,1,0,1,0,0,0,0,0,0,1,0,1,1,1
1408,8.3,199,81,1,0,0,0,0,0,0,0,0,0,0,0,0,1
1409,8.8,583,949,0,0,1,0,0,0,1,0,0,1,0,1,1,0
1410,7.7,78,625,0,1,0,0,0,1,1,0,1,1,0,1,1,1
1413,8.4,125,133,0,0,1,0,0,0,0,0,0,1,0,0,1,0
1416,8.3,383,185,0,0,0,0,0,0,0,0,1,1,0,0,1,1
1418,8.6,293,353,0,0,1,0,0,0,0,0,0,1,0,1,1,1
1419,8.4,4140,607,1,0,0,0,0,1,1,0,0,1,0,1,0,1
1420,8.2,1451,447,0,0,1,0,0,1,0,0,0,1,1,1,1,1
1421,8.2,1752,384,0,0,1,0,0,1,1,0,0,0,0,0,1,1
1422,8.1,1617,602,1,0,1,0,0,1,1,0,0,1,0,1,1,1
1424,8.1,33,264,0,0,1,0,0,0,0,0,0,0,0,0,1,1
1425,7.5,2731,414,1,0,0,0,0,1,1,0,0,1,0,1,1,1
1426,8.0,149,0,0,0,1,0,0,1,1,0,0,1,0,0,1,0
1428,8.0,1467,270,0,0,1,0,0,1,1,0,0,1,0,1,0,1
1430,8.6,591,48,0,0,0,0,0,0,0,0,1,0,0,0,0,1
1431,7.8,33,556,0,0,0,0,0,0,1,0,1,1,1,0,0,1
1432,7.4,14,639,0,0,1,0,0,1,1,0,0,1,0,0,1,1
1433,8.8,532,120,0,0,1,0,0,1,0,0,0,1,1,0,0,1
1435,7.4,1211,130,1,0,1,0,0,1,0,0,0,1,0,1,1,1
1437,8.7,1334,899,0,0,1,0,0,1,1,0,0,1,0,1,1,1
1438,7.9,2724,566,0,0,1,0,0,1,0,0,0,1,0,1,1,1
1439,8.5,3737,698,1,0,0,0,0,1,1,0,0,1,0,1,0,1
1440,8.7,2957,1016,0,1,0,0,0,0,0,0,0,1,0,1,1,1
1441,8.2,727,127,0,0,1,0,0,1,1,0,0,0,0,0,1,2
1443,7.6,1377,288,0,1,0,0,0,0,0,0,0,1,0,1,1,0
1444,8.3,1191,394,1,0,0,0,0,1,0,0,0,1,0,1,0,0
1445,8.5,730,295,1,0,0,0,0,0,0,0,0,1,0,1,1,1
1446,8.2,805,598,0,0,1,0,0,1,1,0,0,1,0,1,1,1
1447,8.7,211,1655,0,0,1,0,0,0,0,0,0,1,1,0,1,1
1448,8.2,575,294,0,0,0,0,0,1,1,0,1,1,0,1,1,1
1450,8.1,2112,603,0,0,1,0,0,0,0,0,0,1,0,0,1,1
1451,8.7,1329,342,0,1,0,0,0,1,1,0,1,0,0,0,1,1
1454,8.3,1395,803,0,0,1,0,0,1,1,0,0,1,0,1,1,1
1455,8.7,271,553,0,0,1,0,0,0,0,0,0,0,0,0,0,1
1457,8.7,328,697,0,0,1,0,0,0,1,0,0,1,0,0,1,1
1458,7.4,16,999,0,0,1,0,0,0,0,0,0,0,0,1,1,1
1459,7.5,246,465,0,0,0,0,0,0,0,0,1,1,0,0,0,1
1460,8.5,891,624,0,1,0,0,0,1,1,0,1,1,0,0,1,1
1462,7.7,266,611,1,0,0,0,0,0,0,0,0,0,0,0,1,1
1463,7.4,308,496,1,0,0,0,0,0,1,0,0,1,0,1,1,1
1464,8.0,2206,56,0,0,1,0,0,1,1,0,0,0,0,0,1,1
1465,8.7,412,247,0,0,1,0,0,1,1,0,0,1,0,0,1,0
1466,8.4,2782,580,0,1,0,0,0,1,0,0,1,1,0,1,1,1
1467,8.5,152,242,0,1,0,0,0,0,0,0,0,1,0,1,1,1
1469,8.5,3263,843,0,1,1,0,0,1,0,0,0,1,0,1,1,1
1470,9.2,1603,274,0,1,1,0,0,1,0,0,0,0,0,1,1,1
1471,8.0,3166,446,0,0,1,0,0,0,0,0,0,1,0,1,0,1
1472,8.8,800,490,0,1,0,0,0,1,1,0,0,1,0,1,1,0
1473,9.3,459,850,0,0,1,0,0,0,0,0,0,1,0,1,1,0
1474,8.0,1540,416,0,1,0,0,0,1,1,0,1,1,0,1,0,1
1475,7.7,3073,549,0,1,0,0,0,1,1,0,1,1,0,0,0,1
1476,8.9,439,779,0,1,0,0,0,1,0,0,0,1,0,1,1,1
1477,8.0,199,247,0,1,0,0,0,0,1,0,0,1,0,0,1,0
1478,7.9,137,192,0,1,0,0,0,1,1,0,0,1,0,1,1,1
1479,8.4,85,289,0,0,0,0,0,0,0,0,1,0,0,0,1,1
1480,8.2,215,548,0,0,1,0,0,1,1,0,0,1,0,0,1,1
1481,7.6,1329,310,1,0,1,0,0,0,0,0,0,1,0,0,1,1
1482,7.9,1633,289,0,0,0,0,0,1,1,0,1,1,0,1,0,1
1483,8.6,2749,859,0,0,1,0,0,1,1,0,0,0,0,1,1,1
1485,7.6,134,326,0,0,1,0,0,1,0,0,0,1,0,1,1,1
1486,7.3,36,271,0,1,0,0,0,0,0,0,1,0,0,0,1,1
1487,8.3,231,134,0,0,1,0,0,1,1,0,0,1,0,0,0,0
1489,8.0,138,244,0,0,1,0,0,0,0,0,0,0,0,0,0,1
1490,7.8,4164,594,0,0,1,0,0,1,0,0,0,0,0,0,1,1
1491,8.0,72,270,0,1,1,0,0,1,0,0,0,1,0,0,0,0
1492,9.0,975,548,0,0,0,0,0,1,1,0,1,1,0,0,0,1
1493,8.5,23,539,0,0,1,0,0,0,0,0,0,0,0,0,1,1
1494,8.8,293,318,0,0,1,0,0,0,0,0,0,1,0,1,1,1
1495,8.5,64,265,0,1,0,0,0,0,0,0,0,1,0,1,1,1
1496,8.6,1817,768,0,1,0,0,0,1,0,0,1,0,0,0,1,1
1498,8.0,177,747,0,1,0,0,0,1,0,0,0,1,0,1,0,1
1499,8.6,237,191,0,0,1,0,0,0,0,0,0,0,0,0,0,0
1500,8.6,226,283,0,0,1,0,0,0,0,0,1,0,0,0,0,1
1501,7.3,8,123,0,0,1,0,0,0,0,0,0,1,1,1,0,1
1503,8.6,709,480,0,0,1,0,0,1,0,0,0,0,0,0,1,1
1504,8.3,159,330,0,1,0,0,0,0,0,0,0,0,0,0,0,1
1505,9.1,3493,898,0,0,1,0,0,1,1,0,0,1,0,1,0,2
1506,8.3,177,226,0,0,1,0,0,0,0,0,0,0,0,0,0,1
1507,8.4,467,430,1,0,1,0,0,1,1,0,0,1,0,0,1,1
1508,8.7,930,335,0,0,0,0,0,1,1,0,1,1,0,1,1,0
1509,7.9,1046,231,0,0,0,0,0,1,1,0,1,1,0,0,1,1
1511,8.2,1880,813,0,0,1,0,0,1,1,0,0,0,0,0,0,1
1512,7.9,2607,286,0,0,0,0,0,1,1,0,1,1,0,1,0,1
1513,8.7,4958,638,0,0,1,0,0,1,0,0,0,1,1,1,0,1
1514,7.8,160,284,0,0,1,0,0,0,0,0,0,1,0,1,1,0
1515,7.7,86,852,0,1,0,0,0,1,0,0,1,1,0,1,1,1
1518,8.6,266,195,0,1,1,0,0,0,0,0,0,1,0,0,0,0
1519,8.3,2806,397,1,0,0,0,0,1,0,0,0,1,0,1,0,2
1520,7.8,523,93,0,1,0,0,0,0,1,0,1,0,0,0,0,1
1521,8.7,617,577,0,0,0,0,0,1,1,0,1,0,0,0,0,0
1522,8.5,630,602,0,0,1,0,0,0,0,0,0,1,1,1,1,1
1523,7.5,327,271,0,1,0,0,0,1,1,0,0,1,0,1,1,1
1524,7.1,903,145,0,0,0,0,0,1,0,0,1,0,0,0,1,1
1525,8.4,3841,876,0,0,0,0,0,1,1,0,1,1,0,1,0,1
1526,7.8,2796,243,0,0,1,0,0,0,1,0,0,1,0,0,1,0
1527,8.7,3132,1126,0,1,0,0,0,0,0,0,1,1,0,1,1,1
1528,7.8,1244,814,0,0,1,0,0,0,0,0,0,1,0,1,1,0
1529,8.4,6660,239,1,0,1,0,0,1,0,0,0,1,0,1,1,1
1530,8.4,155,278,0,1,0,0,0,0,0,0,1,1,0,1,1,1
1531,9.0,4869,1388,0,0,1,0,0,1,1,0,0,1,0,1,0,1
1532,7.5,835,91,0,0,1,0,0,0,0,0,0,1,0,1,1,0
1533,7.0,681,415,1,0,0,0,0,1,0,0,0,1,0,1,1,1
1535,8.6,4776,1507,1,0,0,0,0,1,1,0,0,1,0,1,0,1
1536,9.1,3849,1633,0,0,1,0,0,1,1,0,0,0,1,1,0,1
1537,7.4,2128,394,0,0,0,0,0,1,1,0,1,1,0,1,0,1
1538,7.3,63,166,0,0,0,0,0,1,1,0,1,0,0,0,0,1
1539,7.1,13,169,0,1,0,0,0,1,1,0,1,0,0,0,1,1
1540,6.8,4,58,0,0,1,0,0,0,0,0,0,0,0,0,1,1
1542,8.4,11,343,1,0,0,0,0,0,0,0,0,0,0,0,0,1
1543,8.5,215,209,0,0,1,0,0,0,0,0,0,0,0,0,0,1
1544,9.1,328,1518,0,0,1,0,0,0,1,0,0,1,1,1,1,1
1545,8.1,375,312,0,1,0,0,0,0,1,0,1,1,0,0,1,1
1546,7.7,221,367,1,0,0,0,0,0,1,0,0,1,0,1,0,1
1547,7.9,268,150,0,0,1,0,0,1,0,0,0,0,0,0,1,0
1548,8.7,128,458,0,0,1,0,0,1,1,0,0,1,1,1,0,1
1549,8.5,255,137,0,0,1,0,0,1,0,0,0,1,0,0,0,1
1550,7.3,168,288,0,1,0,0,0,1,1,0,0,1,0,1,1,1
1551,7.4,937,281,0,1,0,0,0,1,1,0,1,1,0,0,1,1
1552,8.7,463,609,0,1,0,0,0,1,1,0,0,1,0,1,1,0
1553,8.4,873,296,1,0,0,0,0,0,0,0,0,1,0,1,1,0
1554,8.5,115,149,0,1,0,0,0,1,1,0,0,1,0,0,0,1
1555,8.4,4965,1427,0,0,1,0,0,0,0,0,0,1,0,1,1,0
1556,8.4,712,185,0,0,1,0,0,0,0,0,0,0,0,0,0,1
1557,8.3,46,178,0,0,1,0,0,0,1,0,0,0,0,1,0,1
1559,8.2,135,0,0,0,1,0,0,1,0,0,0,0,0,1,1,1
1560,8.5,1997,1240,0,0,1,0,0,0,0,0,0,0,0,0,1,0
1561,8.4,950,281,0,1,0,0,0,1,0,0,0,0,0,1,0,1
1562,8.4,158,123,0,1,0,0,0,1,0,0,1,1,0,0,1,1
1564,8.2,1461,497,0,0,1,0,0,0,1,0,0,1,0,1,0,1
1565,9.1,2206,1849,1,0,0,0,0,1,0,0,0,1,0,1,0,1
1566,8.3,201,552,0,0,1,0,0,1,0,0,0,1,0,0,1,1
1568,7.7,783,232,0,0,1,0,0,1,1,0,0,0,0,0,1,0
1569,7.8,977,323,0,1,0,0,0,1,1,0,1,1,0,1,1,1
1570,8.1,1730,380,0,1,0,0,0,0,0,0,1,1,0,1,1,1
1572,8.4,71,233,0,0,1,0,0,0,0,0,0,0,0,0,1,0
1573,8.2,819,376,0,1,0,0,0,1,0,0,0,1,0,1,1,1
1574,8.2,1265,755,0,0,1,0,0,1,1,0,0,1,0,1,1,0
1575,8.5,640,218,0,1,0,0,0,0,0,0,0,1,0,1,1,0
1576,8.2,142,270,1,0,0,0,0,0,0,0,0,1,0,1,1,1
1577,8.1,11,493,1,0,0,0,0,0,0,0,0,1,0,1,0,1
1578,6.9,397,241,0,1,0,0,0,0,0,0,1,1,0,1,1,1
1579,8.9,1338,441,0,0,1,0,0,1,1,0,0,0,0,0,0,1
1580,8.7,331,1250,0,1,0,0,0,0,0,0,0,1,0,1,0,1
1581,7.4,653,410,0,0,1,0,0,1,1,0,0,1,0,1,1,1
1582,8.3,28,397,0,1,1,0,0,0,0,0,0,0,0,0,1,1
1583,8.3,8,399,1,0,0,0,0,1,1,0,0,1,0,0,0,1
1584,9.0,2516,1429,0,0,1,0,0,0,1,0,0,1,0,0,1,1
1585,8.6,403,710,0,0,1,0,0,0,0,0,0,1,1,1,1,1
1586,9.2,2317,641,0,1,0,0,0,1,0,0,1,1,0,1,0,1
1587,8.2,1124,690,1,0,0,0,0,1,1,0,0,1,0,1,1,1
1588,8.4,8,1047,0,0,1,0,0,0,1,0,0,1,0,0,1,1
1591,8.7,984,316,0,1,0,0,0,1,0,0,0,1,0,1,1,1
1592,8.0,32,199,0,1,0,0,0,1,1,0,0,1,0,1,1,1
1593,8.5,25,429,1,0,0,0,0,0,0,0,0,1,0,1,1,1
1594,8.6,4887,887,0,1,0,0,0,0,0,0,0,1,0,1,0,1
1596,8.4,244,402,0,1,0,0,0,0,1,0,0,1,0,1,1,1
1598,8.0,3729,382,1,0,0,0,0,1,0,0,0,1,0,1,0,1
1599,8.0,757,162,0,0,1,0,0,1,0,0,0,1,0,1,0,1
1600,8.9,271,233,0,0,1,0,0,0,0,0,0,1,0,0,1,1
1601,7.4,199,157,0,1,0,0,0,0,0,0,0,1,0,1,1,0
1602,7.8,1259,209,1,0,1,0,0,0,0,0,0,1,0,1,1,1
1603,8.6,606,318,0,1,0,0,0,1,1,0,1,1,0,0,1,1
1604,8.7,1127,1050,0,0,1,0,0,1,1,0,0,1,1,1,1,0
1605,8.9,414,757,0,1,1,0,0,1,1,0,1,0,1,0,0,1
1606,8.8,678,308,0,1,0,0,0,0,0,0,0,1,0,1,1,0
1607,8.7,2388,824,0,0,1,0,0,1,0,0,0,1,0,1,0,1
1609,8.0,761,1304,0,0,1,0,0,1,1,0,0,1,1,1,1,1
1610,8.3,19,280,0,0,1,0,0,0,0,0,0,0,0,0,1,1
1611,8.6,774,683,0,0,0,0,0,1,1,0,1,1,1,0,0,1
1612,8.4,318,349,0,1,0,0,0,0,0,0,1,1,0,1,1,1
1613,7.5,1845,481,0,0,0,0,0,0,0,0,1,0,0,0,0,1
1614,8.2,1597,677,1,0,0,0,0,1,1,0,1,1,0,1,0,1
1616,8.0,1575,223,0,1,0,0,0,0,1,0,1,0,0,0,1,1
1617,8.1,87,831,1,0,0,0,0,1,1,0,0,1,0,1,1,1
1618,8.5,253,553,0,0,1,0,0,1,1,0,0,1,1,0,1,1
1619,7.4,1163,387,0,0,0,0,0,1,1,0,1,0,0,0,0,2
1620,7.7,116,591,0,1,0,0,0,0,0,0,0,1,0,1,0,2
1621,8.8,1279,751,0,1,0,0,0,1,0,0,0,1,0,1,1,1
1622,8.2,322,933,0,0,1,0,0,1,0,0,0,1,1,1,0,1
1624,8.9,1157,886,0,0,0,0,0,1,1,0,0,0,1,1,1,0
1626,8.7,763,265,0,0,1,0,0,0,0,0,0,1,0,1,1,0
1627,8.5,534,245,0,0,1,0,0,0,0,0,0,1,0,1,1,1
1628,8.2,6230,695,1,0,1,0,0,1,0,0,0,1,0,1,1,1
1629,8.9,205,989,0,0,0,0,0,0,0,0,1,0,0,0,0,1
1630,9.0,126,153,0,1,1,0,0,0,0,0,0,0,0,0,1,1
1631,8.0,63,376,0,0,1,0,0,1,1,0,0,1,0,1,1,1
1632,9.0,3769,1075,0,0,1,0,0,1,1,0,0,1,1,1,0,1
1633,8.8,189,247,0,0,1,0,0,1,0,0,0,0,0,0,1,0
1634,8.4,1363,294,0,0,1,0,0,1,1,0,0,1,0,0,1,0
1635,7.7,26,398,0,0,0,0,0,0,0,0,1,0,0,0,1,1
1636,7.6,261,458,0,0,1,0,0,0,0,0,0,1,0,1,1,1
1637,7.2,65,129,0,1,0,0,0,0,0,0,1,0,0,0,1,1
1638,7.8,33,178,0,0,1,0,0,0,0,0,0,0,0,0,1,1
1639,7.6,721,114,0,0,0,0,0,0,0,0,1,0,0,0,0,1
1640,8.2,1124,993,0,1,0,0,0,1,0,0,1,1,0,1,1,1
1641,8.3,7,527,1,0,1,0,0,1,0,0,0,1,1,0,1,1
1642,7.9,2551,125,0,0,1,0,0,0,0,0,0,1,1,1,1,1
1643,8.3,2897,619,1,0,0,0,0,0,0,0,1,1,1,1,0,1
1644,7.6,217,645,0,0,1,0,0,1,0,0,0,1,1,1,0,1
1645,7.4,782,290,0,0,1,0,0,0,0,0,0,1,0,1,1,1
1647,8.7,57,869,0,0,0,0,0,1,1,0,1,0,0,0,1,1
1648,8.6,280,87,0,0,1,0,0,0,0,0,0,0,0,0,1,0
1649,8.5,1540,205,0,0,0,0,0,1,1,0,1,1,0,1,0,1
1650,8.1,28,329,1,0,1,0,0,1,0,0,0,1,0,0,1,1
1651,7.9,490,675,0,0,1,0,0,1,1,0,0,1,0,0,1,0
1653,9.2,2737,1405,1,0,0,0,0,1,0,0,0,1,0,1,0,1
1654,8.8,251,2029,0,0,1,0,0,0,0,0,0,1,1,1,1,1
1655,7.9,3955,369,1,1,0,0,0,0,0,0,0,1,0,1,1,1
1656,8.0,217,277,0,0,1,0,0,0,0,0,0,1,1,1,1,1
1657,7.9,977,261,0,1,0,0,0,1,1,0,1,0,0,0,0,1
1658,7.3,79,383,0,0,0,0,0,1,1,0,1,1,0,1,1,1
1659,8.2,264,822,0,1,0,0,0,0,0,0,0,1,0,1,1,1
1660,8.9,228,364,0,1,0,0,0,0,0,0,0,1,0,0,0,1
1662,8.2,2661,230,0,1,0,0,0,0,0,0,1,1,0,1,1,1
1666,7.3,2101,340,1,0,0,0,0,1,0,0,0,1,0,1,1,1
1668,7.9,447,197,0,0,1,0,0,0,0,0,0,1,0,1,0,1
1673,8.7,1751,1051,0,0,1,0,0,0,0,0,0,0,0,1,1,1
1674,8.4,5670,1363,0,1,0,0,0,1,1,0,1,1,0,1,1,1
1675,8.6,702,829,0,0,1,0,0,1,0,0,0,1,0,0,1,1
1676,8.1,656,294,0,0,1,0,0,1,1,0,0,1,0,1,1,1
1677,8.6,936,406,0,0,1,0,0,1,0,0,0,1,0,1,1,1
1678,8.3,679,528,0,1,0,0,0,0,0,0,1,1,0,1,1,1
1679,8.6,1156,336,0,1,0,0,0,0,1,0,1,1,0,1,1,0
1680,8.5,520,283,0,0,1,0,0,1,1,0,0,1,0,1,1,1
1681,7.9,2206,148,1,0,0,0,0,0,0,0,0,1,0,1,0,1
1682,8.7,2865,1084,0,1,0,0,0,1,1,0,0,1,0,1,0,1
1683,8.0,85,58,0,0,0,0,0,0,0,0,1,0,0,0,0,1
1685,8.6,1456,280,0,1,0,0,0,0,0,0,0,1,0,1,1,0
1686,8.7,5580,1570,0,1,1,0,0,0,0,0,0,1,1,1,0,1
1687,7.3,40,296,0,1,0,0,0,1,1,0,0,1,0,0,1,1
1688,8.7,753,404,0,0,1,0,0,1,0,0,0,1,1,1,1,1
1689,8.6,52,535,0,1,0,0,0,1,1,0,1,0,0,0,1,1
1690,8.5,83,744,0,0,0,0,0,0,0,0,1,0,0,0,0,1
1691,8.5,226,189,0,0,1,0,0,1,1,0,0,1,0,0,0,1
1692,8.7,3529,644,0,0,1,0,0,1,1,0,0,1,1,1,0,1
1693,8.4,2067,1564,0,0,1,0,0,1,1,0,0,0,0,0,0,1
1694,8.4,67,346,0,0,1,0,0,1,1,0,0,1,0,0,1,1
1696,7.2,275,83,0,0,1,0,0,1,0,0,0,0,0,0,0,1
1697,8.2,331,252,1,1,0,0,0,0,0,0,0,1,0,1,1,1
1699,9.1,793,1378,0,0,1,0,0,1,1,0,0,1,0,1,0,1
1700,8.3,1040,224,0,0,1,0,0,0,0,0,0,0,0,1,0,1
1701,8.7,556,474,1,0,0,0,0,0,0,0,0,0,0,0,0,1
1702,8.2,1850,319,1,1,0,0,0,0,0,0,0,1,0,1,1,1
1703,9.0,5644,1507,0,0,1,0,0,1,0,0,0,1,0,1,1,0
1705,8.1,1092,153,0,0,0,0,0,0,0,0,1,1,0,0,1,1
1706,8.5,274,0,0,0,0,0,0,0,0,0,0,1,1,1,0,1
1707,8.6,134,333,0,0,1,0,0,1,1,0,0,1,0,0,0,1
1708,8.1,628,353,0,0,1,0,0,0,0,0,0,1,0,1,1,0
1709,7.5,849,152,0,0,0,0,0,0,0,0,1,1,0,1,0,1
1710,8.9,285,216,0,0,1,0,0,0,0,0,0,0,0,0,1,1
1711,8.2,1108,667,1,0,0,0,0,1,0,0,0,1,0,1,1,1
1712,8.3,32,52,0,0,0,0,0,0,0,0,1,0,0,0,0,1
1713,8.9,5192,1439,0,0,0,0,0,1,0,0,1,1,0,1,0,1
1716,8.6,424,544,0,0,0,0,0,0,0,0,0,1,1,1,0,1
1717,8.3,1526,152,0,0,1,0,0,1,1,0,0,0,0,0,1,1
1718,8.0,614,218,0,0,0,0,0,1,1,0,1,0,0,0,0,1
1719,7.6,440,240,1,0,0,0,0,1,0,0,0,1,0,1,0,1
1720,7.4,1078,384,0,1,0,0,0,0,0,0,1,1,0,1,1,1
1721,8.5,33,124,0,0,1,0,0,0,0,0,0,1,0,0,1,1
1723,8.1,1083,480,0,0,1,0,0,0,1,0,0,0,0,0,1,1
1724,8.6,3183,626,0,0,1,0,0,1,1,0,0,1,0,1,1,1
1725,8.6,18,327,0,1,0,0,0,1,0,0,1,1,0,0,1,1
1726,8.7,135,129,0,0,0,0,0,0,0,0,1,0,0,0,0,1
1727,8.9,145,1966,0,1,0,0,0,0,0,0,0,1,0,1,1,1
1729,7.6,2192,294,0,1,0,0,0,0,1,0,0,1,0,1,1,0
1730,7.1,111,252,0,0,1,0,0,0,0,0,1,1,0,1,0,1
1732,8.2,4394,905,0,1,1,0,0,1,1,0,0,0,0,1,0,1
1733,7.6,129,337,0,0,1,0,0,1,1,0,0,1,0,1,0,1
1734,8.5,9,435,0,0,0,0,0,0,0,0,0,0,1,0,0,1
1735,8.9,500,1446,0,1,0,0,0,1,1,0,0,1,0,0,1,0
1736,8.4,348,397,0,0,1,0,0,1,1,0,0,1,0,1,1,1
1737,8.6,422,534,0,0,1,0,0,1,1,0,0,0,0,0,1,1
1738,8.6,897,658,0,0,1,0,0,0,0,0,1,1,1,1,0,1
1739,8.7,1104,1644,0,0,0,0,0,1,1,0,1,1,0,1,0,1
1741,8.7,755,472,0,0,1,0,0,1,1,0,0,0,0,0,1,1
1742,8.8,406,462,0,0,1,0,0,1,1,0,0,1,0,0,1,1
1743,8.1,5984,157,0,1,0,0,0,1,1,0,1,0,0,1,1,1
1744,9.2,205,122,0,1,0,0,0,0,0,0,0,0,0,0,1,1
1745,7.6,5379,779,0,0,1,0,0,0,0,0,1,1,0,1,0,1
1746,7.8,1989,771,0,0,1,0,0,1,1,0,0,0,1,1,1,1
1747,8.3,1870,422,0,0,1,0,0,1,0,0,0,1,1,1,0,1
1748,8.1,2075,472,0,1,0,0,0,1,1,0,1,1,0,1,0,1
1749,8.5,750,788,0,0,1,0,0,1,1,0,0,1,0,1,1,1
1750,7.5,92,365,0,0,0,0,0,0,0,0,1,1,0,1,0,1
1751,7.7,2081,952,0,0,1,0,0,1,1,0,0,0,0,0,1,1
1752,7.2,65,288,0,1,0,0,0,1,0,0,1,0,0,0,1,1
1753,8.7,603,173,0,1,0,0,0,0,0,0,0,0,0,0,0,1
1754,7.9,240,241,0,1,0,0,0,1,1,0,1,1,0,0,1,0
1755,8.7,237,531,0,0,1,0,0,0,0,0,0,1,0,0,0,0
1756,9.0,617,572,0,0,1,0,0,1,0,0,0,1,0,0,1,0
1757,8.3,2956,802,0,0,1,0,0,1,0,0,0,1,1,1,0,1
1758,9.2,3687,1660,0,0,1,0,0,1,0,0,0,0,0,1,0,1
1759,7.6,199,569,0,0,1,0,0,0,0,0,0,1,1,0,1,0
1760,8.2,71,379,0,1,0,0,0,1,1,0,0,1,0,0,1,0
1761,8.9,3692,1219,0,1,0,0,0,0,0,0,0,1,0,1,0,1
1762,7.3,63,71,0,0,0,0,0,1,1,0,1,0,0,0,0,1
1763,7.4,430,265,1,0,1,0,0,1,1,0,0,1,0,1,1,1
1764,8.1,3169,252,0,0,0,0,0,1,0,0,1,1,0,1,0,1
1766,7.8,62,154,0,1,0,0,0,0,0,0,0,1,0,1,0,1
1767,7.5,1123,315,1,0,1,0,0,0,0,0,0,1,0,1,1,1
1768,9.1,5664,1426,0,0,0,0,0,1,1,0,0,1,1,1,0,1
1769,8.5,194,904,1,0,1,0,0,1,0,0,0,1,0,1,1,1
1770,7.8,3827,717,0,0,0,0,0,1,1,0,1,0,0,1,0,1
1771,8.7,983,1077,0,0,0,0,0,1,0,0,1,0,0,1,0,1
1772,8.5,22,775,0,0,1,0,0,1,1,0,0,1,0,1,1,1
1773,7.6,1501,120,0,0,1,0,0,0,0,0,0,1,0,1,1,1
1774,7.9,1475,241,0,1,1,0,0,1,1,0,1,0,0,0,1,1
1776,7.3,54,363,0,0,0,0,0,0,0,0,1,0,0,1,1,1
1778,8.7,60,789,1,0,0,0,0,1,0,0,0,1,0,1,1,1
1779,8.2,143,162,0,0,1,0,0,0,0,0,0,0,0,0,1,0
1780,8.9,947,887,0,1,0,0,0,0,1,0,0,0,0,0,1,0
1782,8.8,855,332,0,1,0,0,0,1,0,0,1,1,0,1,1,1
1783,7.5,932,265,0,1,0,0,0,1,0,0,0,1,0,1,1,1
1785,8.8,698,787,1,0,0,0,0,1,0,0,0,1,0,1,1,1
1786,8.0,85,150,0,0,1,0,0,1,0,0,0,1,1,0,1,0
1788,8.8,109,475,0,1,0,0,0,0,0,0,1,1,0,0,1,1
1789,8.6,693,540,0,0,0,0,0,1,1,0,0,1,1,1,0,1
1791,7.8,85,322,1,0,0,0,0,0,0,0,0,0,1,0,0,1
1792,8.3,1112,655,1,0,0,0,0,0,1,0,0,1,0,1,1,0
1794,7.9,44,223,0,0,1,0,0,0,0,0,0,1,0,0,1,0
1795,8.2,379,153,0,0,1,0,0,0,0,0,0,0,0,0,0,1
1796,8.2,313,162,0,0,1,0,0,0,0,0,0,0,0,0,1,0
1798,8.1,40,409,1,0,1,0,0,0,0,0,0,1,0,1,1,1
1799,8.5,1932,561,0,0,1,0,0,1,1,0,0,1,0,1,1,1
1800,8.6,2186,670,0,0,1,0,0,0,0,0,0,0,0,0,1,1
1801,8.9,1865,699,0,1,0,0,0,1,1,0,1,0,0,1,1,1
1802,8.6,538,359,0,1,0,0,0,1,1,0,0,0,0,0,1,0
1805,8.2,784,224,0,0,0,0,0,1,1,0,1,1,0,1,0,1
1806,8.0,2399,534,0,0,1,0,0,1,1,0,0,1,0,1,1,1
1807,8.5,6887,1591,0,0,1,0,0,1,1,0,0,1,0,1,1,1
1808,8.2,1064,588,0,1,0,0,0,1,0,0,0,1,0,1,1,1
1810,7.4,1365,118,1,0,0,0,0,0,0,0,0,1,0,1,1,1
1812,7.5,71,565,0,0,0,0,0,0,0,0,1,0,0,0,0,1
1813,8.0,121,938,0,1,0,0,0,1,0,0,0,1,0,1,0,2
1814,8.3,1227,843,0,0,1,0,0,1,0,0,0,1,0,1,1,0
1815,7.4,1428,214,0,0,0,0,0,1,1,0,1,1,0,1,0,1
1816,8.9,1370,325,0,1,0,0,0,0,0,0,1,1,0,1,0,1
1817,7.2,34,599,0,0,1,0,0,0,1,0,0,0,0,0,0,1
1818,9.1,677,1900,0,1,0,0,0,1,0,0,0,1,0,1,1,1
1819,7.8,3851,376,0,1,0,0,0,1,1,0,0,1,0,1,0,1
1822,7.9,5680,592,1,0,0,0,0,1,1,0,0,1,0,1,0,1
1823,8.7,761,497,1,0,0,0,0,0,0,0,0,1,0,0,0,1
1824,8.3,8,71,0,0,1,0,0,0,0,0,0,0,0,0,1,1
1826,8.1,983,262,1,0,0,0,0,0,0,0,0,1,0,1,0,1
1827,9.2,1080,1888,1,0,0,0,0,0,0,0,0,0,0,0,0,1
1828,8.9,2030,525,0,0,0,0,0,1,1,0,1,1,0,0,0,1
1830,8.4,1791,386,0,1,0,0,0,1,1,0,1,1,0,1,1,1
1831,7.5,454,275,0,0,0,0,0,1,1,0,1,0,0,0,0,1
1833,8.2,4754,862,0,0,1,0,0,1,0,0,0,1,1,1,0,1
1834,8.4,2722,421,0,0,1,0,0,0,0,0,0,1,0,1,1,1
1836,8.4,3093,892,0,0,1,0,0,0,0,0,0,0,0,1,1,1
1837,6.8,42,156,0,0,0,0,0,0,0,0,1,1,0,0,0,1
1838,7.7,2138,358,1,0,1,0,0,1,1,0,0,1,0,1,1,0
1839,8.1,2300,1626,0,1,0,0,0,1,1,0,0,1,0,1,1,1
1840,8.4,42,432,0,0,0,0,0,1,1,0,0,1,1,1,1,1
1841,7.1,676,175,0,0,1,0,0,1,1,0,0,0,0,0,0,1
1842,8.8,1176,1134,0,0,1,0,0,0,0,0,0,1,1,1,1,1
1843,8.2,602,381,1,0,1,0,0,0,0,0,0,1,0,1,1,1
1844,7.7,247,228,0,0,0,0,0,0,0,0,0,1,1,1,1,1
1847,7.4,163,184,0,1,0,0,0,0,0,0,0,1,0,1,1,1
1848,8.4,646,148,1,0,0,0,0,0,0,0,0,1,0,1,0,1
1850,8.0,354,248,1,0,0,0,0,1,0,0,0,1,0,1,1,1
1851,8.4,642,179,0,0,1,0,0,0,0,0,0,1,1,1,0,1
1852,8.0,444,419,0,0,0,0,0,0,0,0,1,0,0,0,1,1
1853,9.1,210,994,0,0,0,0,0,1,0,0,1,0,0,0,0,1
1855,8.2,308,236,0,1,0,0,0,0,0,0,0,1,0,1,1,1
1856,8.4,214,624,0,0,1,0,0,1,1,0,0,1,1,0,1,1
1857,7.7,78,431,0,0,1,0,0,0,0,0,0,1,0,1,1,1
1858,8.5,1969,316,0,1,0,0,0,0,0,0,1,1,0,1,1,1
1859,8.0,473,67,0,0,1,0,0,0,1,0,1,0,0,0,0,1
1860,8.3,11,171,1,1,0,0,0,1,1,0,0,0,0,0,1,1
1862,8.3,1440,636,0,1,0,0,0,1,0,0,1,0,0,0,1,1
1863,8.2,1732,519,0,0,1,0,0,1,0,0,0,0,0,1,1,1
1865,7.8,211,178,1,0,1,0,0,0,0,0,0,1,0,1,1,1
1866,8.6,929,463,1,0,0,0,0,1,0,0,0,0,0,0,0,0
1867,8.5,578,220,0,0,1,0,0,1,0,0,0,1,0,1,1,0
1870,8.4,619,961,0,0,1,0,0,1,1,0,0,1,1,1,1,1
1871,7.3,63,293,0,1,0,0,0,0,0,0,1,1,0,1,1,1
1872,7.9,938,431,0,0,0,0,0,1,1,0,1,1,0,1,0,1
1873,8.7,190,747,0,1,0,0,0,0,0,0,0,1,0,1,0,1
1874,8.5,1355,925,0,0,0,0,0,1,1,0,1,1,0,1,1,0
1876,8.2,1048,317,1,0,1,0,0,0,0,0,0,1,0,1,1,0
1877,8.5,956,543,0,0,1,0,0,1,1,0,0,0,0,0,1,1
1879,8.5,905,301,0,0,1,0,0,0,0,0,0,0,0,0,0,1
1880,8.2,3774,1038,1,0,0,0,0,1,1,0,0,1,0,1,0,1
1881,8.5,932,711,0,0,1,0,0,0,0,0,0,1,0,1,1,1
1882,8.7,4051,691,0,0,1,0,0,1,1,0,0,1,0,0,0,1
1883,8.5,3188,837,1,0,0,0,0,1,1,0,0,1,0,1,0,1
1884,8.5,256,385,0,1,0,0,0,0,1,0,0,1,0,1,1,1
1885,8.8,5431,1367,0,0,0,0,0,1,0,0,1,0,0,1,0,1
1886,7.5,218,150,1,0,0,0,0,0,0,0,0,1,0,1,1,1
1887,8.2,60,424,0,1,0,0,0,0,0,0,0,1,0,1,0,1
1888,8.9,2645,1388,0,0,1,0,0,1,1,0,0,1,1,1,0,1
1889,8.3,1414,583,1,0,0,0,0,1,1,0,0,1,0,1,1,1
1890,8.4,2957,874,1,0,0,0,0,0,0,0,0,1,0,1,0,1
1891,8.0,3045,602,1,0,0,0,0,1,1,0,0,1,0,1,1,1
1892,8.3,979,363,0,0,1,0,0,1,1,0,0,1,1,1,0,1
1894,8.2,422,290,1,0,1,0,0,1,0,0,0,1,0,0,1,1
1895,9.1,3860,1348,0,0,0,0,0,0,0,0,0,1,1,1,0,0
1896,8.1,3519,200,1,0,1,0,0,1,0,0,0,1,0,1,1,1
1897,8.4,142,452,0,0,1,0,0,0,0,0,0,0,0,0,1,1
1898,8.0,140,111,1,0,0,0,0,0,0,0,0,1,0,1,1,1
1899,9.0,2837,1179,0,1,0,0,0,1,0,0,1,1,0,1,0,1
1901,8.4,259,513,1,1,0,0,0,1,0,0,0,1,0,1,1,1
1902,8.2,259,1678,0,1,0,0,0,1,1,0,0,0,0,0,1,1
1903,7.2,24,883,0,1,0,0,0,1,0,0,1,1,0,1,1,1
1904,8.8,1029,393,0,0,1,0,0,0,0,0,0,1,0,0,1,1
1905,8.5,541,457,0,0,1,0,0,0,0,0,0,1,1,1,1,1
1906,8.4,7375,1341,0,0,0,0,0,1,1,0,1,1,0,1,0,1
1907,8.4,6338,839,1,0,0,0,0,0,1,0,1,1,0,1,0,1
1910,8.4,508,36,0,0,0,0,0,0,0,0,1,0,0,0,0,1
1911,8.9,3108,1096,1,0,0,0,0,1,1,0,0,1,0,1,0,1
1912,8.3,1014,258,0,0,1,0,0,0,0,0,0,1,1,1,0,1
1913,8.1,3577,955,0,0,1,0,0,1,1,0,0,1,1,1,0,1
1914,8.4,360,177,0,0,1,0,0,0,0,0,0,1,1,1,1,0
1915,8.7,467,559,0,0,1,0,0,1,1,0,0,0,0,0,1,1
1916,7.7,2744,357,0,0,1,0,0,1,1,0,1,0,0,1,0,1
1919,8.4,7093,1569,0,0,1,0,0,1,1,0,0,1,0,0,0,1
1920,7.6,164,177,0,0,1,0,0,0,0,0,0,1,1,1,1,0
1922,8.8,773,716,0,0,0,0,0,1,1,0,1,1,0,0,0,1
1923,7.6,290,105,0,1,0,0,0,0,0,0,0,1,0,1,1,1
1924,8.3,848,349,0,0,0,0,0,1,1,0,1,0,0,0,1,1
1925,8.5,90,193,1,0,0,0,0,0,0,0,0,1,0,1,1,1
1926,8.0,737,151,0,0,1,0,0,0,0,0,0,1,1,1,0,1
1927,7.1,35,392,0,0,1,0,0,0,0,0,0,1,0,1,0,1
1928,7.5,9,0,0,0,0,0,0,0,0,0,1,0,0,0,0,1
1929,8.0,276,363,1,1,0,0,0,0,1,0,1,1,0,1,1,1
1930,8.1,3412,684,1,0,0,0,0,1,1,0,0,1,0,1,0,1
1931,8.1,551,604,0,0,1,0,0,1,0,0,0,1,1,0,1,0
1933,7.3,94,36,0,0,1,0,0,0,0,0,0,0,0,0,0,1
1934,8.7,367,133,0,0,1,0,0,0,0,0,0,0,0,0,0,0
1935,8.3,51,515,0,0,0,0,0,1,1,0,1,1,0,0,1,1
1936,8.6,462,539,0,1,0,0,0,1,0,0,0,1,0,0,1,1
1937,8.7,2577,251,1,0,0,0,0,0,0,0,0,1,0,1,0,1
1939,8.3,4448,774,0,0,1,0,0,1,1,0,0,1,0,1,1,1
1940,8.7,2163,526,0,1,0,0,0,1,1,0,1,1,0,1,1,1
1941,7.7,1116,254,1,0,1,0,0,0,1,0,0,1,0,1,1,1
1943,8.3,714,82,0,1,0,0,0,1,1,0,0,0,0,0,1,1
1944,7.7,828,261,0,1,0,0,0,0,0,0,1,0,0,0,1,1
1945,9.1,3303,1050,0,1,0,0,0,1,1,0,1,1,0,0,0,1
1946,7.8,595,450,0,1,0,0,0,0,0,0,1,1,0,1,1,1
1947,9.0,110,1135,0,0,0,0,0,1,0,0,1,1,0,1,1,1
1948,8.8,1833,665,0,0,1,0,0,0,0,0,0,1,0,0,1,1
1949,7.9,893,599,1,0,1,0,0,1,1,0,0,1,0,1,1,1
1950,8.7,1561,843,0,0,1,0,0,1,1,0,0,1,0,1,1,1
1952,8.4,202,0,0,1,0,0,0,0,1,0,1,0,0,0,1,1
1953,8.6,87,674,0,1,0,0,0,0,0,0,1,1,0,1,1,1
1956,7.9,916,95,0,0,1,0,0,0,0,0,0,1,0,0,1,0
1957,7.6,1866,402,0,0,0,0,0,1,1,0,1,1,0,1,0,1
1960,7.5,597,572,1,0,0,0,0,1,1,0,0,1,0,1,1,1
1961,8.5,1404,510,0,1,0,0,0,1,1,0,0,1,0,1,0,1
1962,8.5,282,572,0,1,0,0,0,1,1,0,0,1,0,1,1,0
1963,7.4,258,278,1,0,0,0,0,1,1,0,0,1,0,1,1,1
1964,7.5,125,432,0,0,1,0,0,1,1,0,0,1,0,1,0,1
1965,9.1,2210,811,0,0,1,0,0,1,0,0,0,1,0,1,0,1
1966,8.4,1728,1605,0,1,0,0,0,0,1,0,0,1,0,1,0,1
1968,7.9,77,178,0,0,1,0,0,1,0,0,0,1,0,0,1,1
1969,8.0,6540,419,1,0,0,0,0,1,1,0,0,1,0,1,0,2
1970,7.9,441,209,0,0,1,0,0,0,0,0,0,0,0,1,1,0
1971,8.2,2904,136,0,1,0,0,0,0,0,0,1,1,0,1,1,1
1972,8.2,483,81,0,0,0,0,0,1,1,0,1,1,0,0,0,1
1973,8.0,3739,533,0,0,0,0,0,1,1,0,1,1,0,1,0,1
1975,8.3,807,293,0,1,0,0,0,1,1,0,1,0,0,0,1,1
1976,8.1,5333,337,1,0,1,0,0,1,0,0,0,1,0,1,1,1
1978,7.4,29,247,0,0,1,0,0,0,0,0,0,1,0,1,1,1
1979,8.9,150,1567,0,0,1,0,0,0,0,0,0,0,0,0,0,0
1981,7.7,890,251,1,1,0,0,0,0,0,0,0,1,0,1,1,1
1985,7.5,3,359,0,0,0,0,0,1,1,0,1,0,0,0,0,1
1988,7.9,519,1031,1,0,0,0,0,0,0,0,0,1,0,1,0,1
1990,7.9,1013,1215,0,1,0,0,0,1,1,0,1,1,0,1,1,1
1991,7.2,32,337,0,1,0,0,0,1,1,0,0,1,0,0,1,1
1992,9.1,4235,1588,1,0,0,0,0,1,0,0,0,0,0,1,1,1
1994,8.3,1730,373,0,0,1,0,0,0,1,0,0,0,0,0,1,1
1995,7.8,495,310,0,0,1,0,0,1,1,0,0,1,1,1,1,1
1996,7.8,303,320,0,1,0,0,0,1,1,0,0,1,0,1,1,1
1997,8.5,419,291,0,0,1,0,0,0,0,0,0,1,0,1,1,0
1998,7.3,43,101,0,0,1,0,0,0,0,0,0,0,0,0,1,0
2000,8.2,1059,406,1,0,0,0,0,1,1,0,0,1,0,1,1,1
2001,8.6,299,832,0,0,1,0,0,0,0,0,0,1,0,1,1,1
2003,7.8,1250,234,0,1,0,0,0,1,1,0,1,1,0,1,0,1
2006,8.3,1772,936,0,0,0,0,0,1,1,0,1,0,0,0,0,0
2007,7.8,771,289,0,0,0,0,0,1,0,0,0,1,1,1,0,1
2008,7.7,907,731,0,0,1,0,0,1,1,0,0,1,0,1,1,1
2009,8.7,259,386,0,0,0,0,0,1,0,0,1,0,0,0,0,1
2010,8.3,31,254,0,0,1,0,0,1,0,0,0,1,0,0,0,1
2011,7.9,763,525,1,1,0,0,0,1,1,0,0,1,0,1,1,1
2012,8.9,51,951,0,1,0,0,0,0,1,0,0,1,0,1,1,1
2013,7.5,28,131,0,0,1,0,0,0,0,0,0,0,0,0,1,1
2014,8.9,3641,1305,0,1,1,0,0,1,1,0,0,1,0,1,0,1
2015,7.9,3980,782,1,1,0,0,0,1,1,0,1,1,0,1,1,1
2016,7.1,407,167,0,0,1,0,0,1,1,0,0,1,0,1,1,1
2017,7.6,314,340,1,0,0,0,0,1,0,0,0,1,0,1,1,1
2018,8.4,400,128,0,0,1,0,0,1,1,0,1,1,0,1,1,0
2019,7.9,318,676,0,1,0,0,0,1,0,0,0,0,0,0,1,1
2020,7.8,2042,481,0,0,1,0,0,1,0,0,0,0,0,1,1,2
2021,8.5,1420,367,1,0,0,0,0,1,0,0,0,1,0,1,1,1
2022,8.3,2844,806,0,0,0,0,0,1,1,0,1,1,0,1,0,1
2023,7.8,222,405,0,0,1,0,0,1,1,0,0,1,1,1,1,1
2024,8.0,9,452,0,0,0,0,0,0,0,0,1,1,0,0,1,1
2025,7.7,2791,750,1,0,0,0,0,1,1,0,0,1,0,1,0,1
2026,8.9,590,1261,0,1,0,0,0,1,1,0,0,1,0,1,1,1
2027,7.8,543,850,1,0,0,0,0,1,0,0,0,1,0,1,0,1
2028,7.9,5232,130,0,0,1,0,0,1,1,0,0,1,0,0,1,1
2029,7.5,61,321,0,0,1,0,0,0,0,0,0,1,0,1,1,0
2031,8.8,273,444,0,0,1,0,0,0,0,0,0,1,0,1,1,1
2032,8.4,1284,318,0,0,0,0,0,0,0,0,1,1,0,1,0,1
2033,9.1,1130,1122,0,1,0,0,0,0,0,0,0,1,0,1,0,1
2034,8.3,5,304,0,0,1,0,0,0,1,0,0,0,0,0,0,1
2035,8.6,208,1163,0,1,0,0,0,0,0,0,0,1,0,1,1,1
2036,8.2,131,180,0,1,0,0,0,0,0,0,0,1,0,1,1,1
2037,7.5,1430,341,1,1,0,0,0,0,0,0,0,1,0,1,1,1
2038,8.0,16,104,0,0,1,0,0,0,0,0,0,0,0,0,0,1
2039,8.1,476,913,0,1,0,0,0,0,0,0,0,1,0,0,1,0
2040,8.1,2768,493,1,0,0,0,0,1,1,0,0,1,0,1,0,1
2041,7.7,1231,903,1,0,0,0,0,1,1,0,0,1,0,1,1,1
2042,8.9,1023,1485,0,0,1,0,0,1,0,0,0,1,0,1,1,1
2043,8.6,1218,932,1,0,0,0,0,1,1,0,0,1,0,1,0,1
2044,8.2,1705,463,1,0,1,0,0,0,0,0,0,1,0,1,1,1
2046,8.5,1109,279,0,0,1,0,0,1,1,0,0,0,0,1,1,1
2047,8.5,1574,998,1,0,0,0,0,1,1,0,0,1,0,1,0,1
2049,8.7,5973,1450,1,0,0,0,0,1,0,0,0,1,0,1,0,2
2050,8.2,5344,2142,0,1,0,0,0,1,1,0,1,0,0,1,1,2
2051,7.6,263,253,1,0,0,0,0,0,0,0,0,1,0,1,0,1
2053,6.8,618,618,0,1,0,0,0,0,0,0,1,0,0,0,1,1
2054,8.8,760,641,0,1,0,0,0,1,1,0,0,1,0,1,0,0
2055,8.5,1518,607,0,0,1,0,0,1,1,0,0,0,0,0,1,1
2056,7.6,104,40,0,0,1,0,0,0,0,0,0,1,0,0,0,1
2057,8.6,5212,1003,0,0,1,0,0,0,0,0,0,1,1,1,0,1
2059,8.9,825,2093,0,0,0,0,0,1,1,0,1,0,0,0,0,1
2060,8.5,320,9,0,0,0,0,0,0,0,0,1,0,0,0,0,1
2061,8.5,734,347,0,0,1,0,0,0,0,0,0,1,1,1,1,1
2062,8.6,6743,945,0,0,1,0,0,0,1,0,0,1,0,1,0,1
2063,8.5,548,349,0,1,0,0,0,0,0,0,0,1,0,1,1,1
2064,8.2,753,595,0,0,1,0,0,0,0,0,0,1,1,1,1,1
2066,8.8,258,1951,0,0,1,0,0,0,1,0,0,1,0,1,1,1
2068,7.7,3412,387,0,0,0,0,0,1,1,0,1,1,0,1,0,1
2069,8.7,1848,613,1,0,0,0,0,0,1,0,0,1,0,1,1,1
2071,8.0,196,385,1,0,1,0,0,0,0,0,0,0,0,1,1,1
2072,8.3,26,214,0,1,0,0,0,1,1,0,1,1,0,0,1,1
2075,8.4,435,700,0,1,0,0,0,1,0,0,1,1,0,0,1,1
2076,8.3,49,120,0,0,1,0,0,0,0,0,0,1,1,1,0,1
2077,8.6,115,551,0,1,0,0,0,0,0,0,0,0,0,0,1,1
2078,8.4,2797,1093,1,0,0,0,0,0,0,0,0,1,0,1,0,1
2079,7.6,641,268,0,0,0,0,0,0,0,0,1,1,0,1,0,1
2080,8.3,1178,329,0,1,1,0,0,1,0,0,1,0,0,0,0,1
2081,7.9,1544,349,1,0,0,0,0,1,1,0,0,1,0,1,1,1
2082,9.0,4276,1652,0,1,0,0,0,1,1,0,0,0,0,1,0,1
2083,7.7,2205,351,0,0,0,0,0,1,0,0,1,1,0,1,0,1
2084,8.4,1678,1119,1,0,0,0,0,1,1,0,0,1,0,1,1,1
2085,8.4,1058,660,0,0,1,0,0,1,1,0,0,0,0,0,0,1
2086,8.8,133,978,0,0,1,0,0,0,0,0,0,1,0,0,1,1
2087,8.0,269,850,0,0,0,0,0,1,1,0,1,0,0,0,1,1
2088,8.8,36,1626,0,0,1,0,0,0,0,0,0,1,1,1,0,1
2089,8.7,702,289,0,0,1,0,0,0,1,0,0,0,0,1,0,1
2090,9.2,329,1603,0,0,1,0,0,1,0,0,0,1,1,1,1,1
2091,8.5,594,466,0,0,1,0,0,0,0,0,0,0,0,0,0,1
2095,8.2,1527,139,0,1,1,0,0,0,0,0,0,0,0,0,0,1
2096,8.3,285,474,0,1,1,0,0,0,0,0,0,1,0,0,1,1
2098,8.5,59,183,0,0,1,0,0,0,0,0,0,0,0,0,0,1
2099,7.4,1520,335,0,1,0,0,0,1,1,0,1,1,0,0,1,1
2100,8.2,2848,364,0,0,0,0,0,1,0,0,1,0,0,0,0,1
2101,7.8,3137,639,0,0,1,0,0,1,1,0,0,0,0,1,1,1
2103,7.8,700,163,0,0,0,0,0,1,1,0,1,0,0,0,0,0
2104,8.5,442,117,0,1,0,0,0,0,0,0,1,0,0,0,1,0
2106,8.8,334,0,0,0,1,0,0,0,0,0,1,1,0,1,0,0
2109,8.3,880,91,0,0,0,0,0,1,1,0,1,0,0,0,0,1
2110,7.8,516,230,0,1,0,0,0,1,1,0,0,1,0,1,1,0
2111,8.6,431,1215,0,0,1,0,0,1,1,0,0,1,0,1,0,1
2113,7.8,1026,328,0,1,0,0,0,1,1,0,1,1,0,0,1,1
2114,8.5,72,69,0,1,0,0,0,0,0,0,1,0,0,0,1,1
2115,8.2,2455,406,1,0,0,0,0,1,0,0,0,1,0,1,1,1
2116,7.6,2323,371,0,0,1,0,0,0,0,0,0,1,0,1,1,1
2117,6.8,295,383,1,0,1,0,0,0,1,0,0,1,0,1,1,1
2119,8.5,1289,271,0,0,1,0,0,0,0,0,1,1,0,0,0,1
2120,8.8,2559,1322,0,1,0,0,0,1,1,0,0,1,0,1,1,1
2121,8.4,171,119,0,1,0,0,0,1,0,0,0,1,0,1,1,0
2123,8.6,6697,1145,0,1,0,0,0,1,0,0,0,1,0,1,0,1
2124,8.0,35,643,0,0,1,0,0,1,1,0,0,0,1,0,1,1
2125,8.9,426,267,0,0,0,0,0,0,0,0,0,1,1,0,0,1
2126,7.9,112,292,0,0,1,0,0,1,1,0,0,1,1,1,1,1
2127,8.0,66,410,0,0,0,0,0,0,0,0,1,1,0,1,1,1
2128,8.8,1752,634,0,1,0,0,0,1,1,0,0,1,0,1,0,1
2129,8.3,51,275,0,0,1,0,0,0,0,0,0,1,0,1,1,1
2130,8.7,362,125,0,0,1,0,0,0,0,0,0,0,0,0,1,1
2132,8.9,4741,985,0,0,1,0,0,1,0,0,0,1,1,1,0,1
2133,7.6,61,655,0,0,1,0,0,1,0,0,0,1,0,0,0,1
2134,8.4,148,731,0,0,1,0,0,1,0,0,0,1,1,1,0,1
2137,7.8,59,0,0,0,1,0,0,0,0,0,0,0,0,0,0,0
2138,8.3,1740,123,0,0,1,0,0,1,0,0,0,0,0,0,1,1
2139,9.1,1537,946,0,0,1,0,0,1,1,0,0,1,0,1,1,1
2140,7.6,969,461,1,0,0,0,0,1,1,0,0,1,0,1,1,1
2142,8.2,2105,261,0,1,0,0,0,1,0,0,0,1,0,1,1,1
2143,7.3,266,392,1,0,0,0,0,0,0,0,0,1,0,1,1,1
2145,7.5,230,148,0,0,1,0,0,0,0,0,0,0,1,0,1,1
2147,8.5,338,160,0,0,1,0,0,0,0,0,0,1,0,0,1,0
2148,8.4,72,87,0,0,1,0,0,1,0,0,0,0,0,0,1,0
2149,8.8,2316,1256,0,0,0,0,0,1,1,0,1,0,0,0,0,0
2153,9.0,1746,948,0,1,0,0,0,0,0,0,1,1,0,1,1,1
2154,8.7,4873,1879,0,0,1,0,0,0,0,0,0,0,0,1,0,1
2155,8.8,1582,1341,0,1,0,0,0,1,0,0,1,1,0,0,1,0
2156,8.6,1951,341,1,0,1,0,0,1,1,0,0,1,0,0,1,1
2157,8.4,28,290,0,1,0,0,0,0,0,0,0,1,0,0,1,1
2158,8.6,3061,479,0,0,1,0,0,0,1,0,0,1,1,1,0,1
2160,8.3,463,120,0,0,1,0,0,0,0,0,0,0,0,0,1,1
2163,8.5,355,679,1,0,0,0,0,0,0,0,0,1,0,1,0,1
2164,8.6,38,2126,1,0,0,0,0,0,0,0,0,1,0,1,1,1
2165,8.6,2180,628,0,1,0,0,0,1,1,0,1,1,0,1,0,1
2166,8.3,246,875,0,1,1,0,0,0,0,0,0,1,0,0,0,0
2167,7.8,82,220,0,1,0,0,0,0,0,0,1,1,0,1,1,0
2168,7.4,2705,958,0,0,1,0,0,1,1,0,0,1,0,0,0,1
2169,6.8,197,243,0,0,1,0,0,1,0,0,0,1,0,1,1,1
2170,8.1,6575,744,0,0,1,0,0,1,1,0,0,1,0,1,1,1
2171,8.5,68,57,0,1,1,0,0,0,0,0,0,1,0,0,1,0
2172,8.3,735,726,0,0,1,0,0,0,1,0,0,0,0,0,1,0
2173,8.7,1042,588,0,1,0,0,0,1,1,0,0,0,0,0,1,1
2174,7.6,1144,114,0,0,1,0,0,0,0,0,1,0,0,0,0,1
2175,7.6,3161,900,0,1,0,0,0,1,0,0,1,0,0,1,1,1
2176,7.6,3,109,0,1,0,0,0,0,0,0,0,0,0,0,1,1
2177,8.8,538,286,0,0,0,0,0,1,0,0,1,0,0,0,0,0
2178,8.9,5590,332,0,1,0,0,0,1,1,0,1,1,0,1,1,1
2179,8.8,2155,686,0,1,0,0,0,1,0,0,1,0,0,0,1,1
2181,8.4,857,461,0,1,0,0,0,1,0,0,1,0,0,0,1,1
2182,8.4,4080,791,0,0,1,0,0,1,1,0,1,1,0,1,0,1
2184,7.6,116,163,1,0,0,0,0,0,0,0,0,0,0,0,1,1
2186,8.4,926,586,0,0,0,0,0,1,1,0,1,1,0,1,0,1
2188,8.4,2501,338,0,0,1,0,0,0,0,0,0,1,0,1,1,0
2189,6.9,724,249,0,1,0,0,0,1,0,0,1,1,0,1,1,1
2190,9.0,2104,1862,0,1,0,0,0,1,1,0,1,0,0,1,1,1
2191,7.5,917,238,0,0,0,0,0,0,0,0,1,1,0,1,0,1
2192,8.2,15,20,1,0,0,0,0,0,0,0,0,1,0,0,0,1
2194,8.9,830,352,0,0,1,0,0,1,1,0,0,0,1,0,1,1
2197,8.5,856,508,1,0,0,0,0,0,0,0,0,0,0,1,0,2
2198,8.0,2047,503,0,0,1,0,0,1,1,0,0,1,1,1,1,1
2199,8.7,686,527,0,1,0,0,0,0,1,0,1,1,0,1,1,0
2200,8.6,51,971,0,0,1,0,0,0,0,0,0,0,0,0,1,1
2202,8.8,161,365,0,0,1,0,0,0,0,0,0,0,0,0,0,1
2203,8.9,1106,1952,0,0,1,0,0,0,0,0,0,0,0,0,1,1
2204,8.4,419,367,0,0,1,0,0,0,0,0,0,1,1,1,1,1
2205,7.6,44,647,0,1,0,0,0,0,0,0,1,0,0,1,1,1
2207,8.2,662,153,0,0,1,0,0,0,0,0,0,1,0,1,1,1
2208,8.0,102,16,0,1,1,0,0,1,1,0,0,0,0,0,1,1
2210,8.3,4553,1205,0,0,1,0,0,1,0,0,0,1,1,1,0,1
2211,8.1,1530,985,1,0,0,0,0,1,1,0,0,1,0,1,1,1
2212,8.5,160,347,0,0,1,0,0,1,1,0,0,1,0,0,1,1
2213,8.6,7215,890,0,0,1,0,0,1,1,0,0,1,1,1,0,1
2214,8.2,921,365,1,0,1,0,0,1,0,0,0,1,0,1,1,1
2215,8.3,723,234,0,0,1,0,0,0,0,0,0,1,1,1,1,0
2216,8.5,400,725,0,0,1,0,0,0,0,0,0,0,0,0,0,1
2217,8.0,958,126,1,0,1,0,0,1,1,0,0,1,0,1,1,1
2219,8.6,1447,1127,0,0,1,0,0,1,0,0,0,1,0,1,1,0
2220,7.9,230,105,0,1,0,0,0,0,1,0,1,0,0,0,0,1
2221,8.5,3538,1496,0,0,1,0,0,1,1,0,0,0,0,0,1,1
2222,8.6,3837,446,0,1,1,0,0,1,0,0,0,1,0,1,1,0
2224,8.7,5297,513,0,0,1,0,0,1,1,0,0,1,1,1,1,1
2225,7.6,151,313,0,1,1,0,0,1,1,0,1,0,0,0,0,1
2226,8.5,279,1042,0,1,0,0,0,1,1,0,1,1,0,0,1,1
2227,8.5,3153,723,0,0,1,0,0,0,1,0,0,1,0,1,1,1
2228,8.2,521,712,1,0,0,0,0,0,0,0,0,1,0,1,0,1
2230,7.5,1241,381,0,0,0,0,0,1,1,0,1,1,0,1,1,1
2231,8.0,1176,445,0,1,0,0,0,1,1,0,1,1,0,1,1,1
2232,8.6,1034,1744,0,0,1,0,0,1,0,0,0,1,0,0,1,0
2233,8.3,1946,729,0,0,1,0,0,0,0,0,0,1,1,1,0,1
2234,8.1,65,129,0,0,1,0,0,0,0,0,0,1,0,0,1,1
2235,8.7,5906,2145,0,1,0,0,0,1,1,0,1,0,0,0,1,1
2236,8.2,893,145,0,0,1,0,0,0,0,0,1,1,0,0,0,1
2237,8.8,159,1296,0,1,0,0,0,0,0,0,0,1,0,1,0,1
2238,8.3,20,195,0,0,1,0,0,1,0,0,0,0,0,0,1,1
2239,8.4,4786,1095,0,1,0,0,0,1,1,0,0,0,0,1,0,1
2240,8.0,2475,868,0,0,1,0,0,1,1,0,0,0,0,0,0,1
2241,8.7,3426,557,0,0,1,0,0,1,1,0,1,1,0,1,0,1
2242,8.6,200,153,0,1,0,0,0,0,0,0,1,0,0,0,1,1
2243,8.9,937,376,0,0,0,0,0,1,1,0,1,1,0,1,0,1
2247,7.9,362,399,1,0,0,0,0,0,0,0,0,1,0,1,1,0
2248,8.3,3604,469,0,1,0,0,0,1,0,0,1,1,0,1,1,1
2249,7.3,426,92,0,0,1,0,0,0,0,0,0,0,0,0,0,1
2250,8.1,4265,143,0,0,1,0,0,0,0,0,0,1,0,1,1,1
2252,7.8,59,490,0,1,0,0,0,1,1,0,0,0,0,0,1,1
2253,7.7,1254,169,1,0,1,0,0,0,0,0,0,1,0,1,1,1
2254,8.4,2307,213,0,1,0,0,0,1,1,0,1,1,0,1,0,1
2257,8.1,1204,425,1,1,0,0,0,1,1,0,0,1,0,1,1,0
2258,7.9,231,473,0,0,1,0,0,0,0,0,0,1,1,1,1,0
2260,7.9,2033,513,1,0,0,0,0,1,1,0,0,1,0,1,0,1
2261,6.9,260,13,0,1,0,0,0,1,0,0,1,0,0,0,1,1
2262,8.1,1051,645,1,0,0,0,0,1,1,0,0,1,0,1,0,0
2264,9.0,435,999,1,0,0,0,0,0,0,0,0,1,0,1,1,0
2265,8.3,425,235,1,0,0,0,0,1,0,0,0,1,0,1,1,1
2266,8.0,2697,838,1,0,0,0,0,0,1,0,0,1,0,1,0,1
2267,8.2,846,310,0,1,0,0,0,1,1,0,1,1,0,1,1,1
2269,8.8,3300,891,0,0,1,0,0,1,1,0,0,1,0,1,0,1
2270,8.2,1841,471,0,0,0,0,0,0,0,0,1,1,0,1,0,1
2271,8.4,748,432,1,0,0,0,0,0,0,0,0,1,0,1,0,2
2272,8.2,19,1035,0,0,1,0,0,0,0,0,0,0,0,0,1,1
2273,8.6,96,707,0,0,1,0,0,0,0,0,0,0,0,0,1,1
2274,8.3,3805,510,0,0,1,0,0,1,1,0,0,0,1,0,1,1
2275,7.8,39,314,0,0,1,0,0,0,0,0,0,0,0,0,0,1
2276,8.1,205,197,0,1,0,0,0,0,0,0,1,0,0,0,1,1
2278,7.3,1029,293,0,1,0,0,0,0,0,0,1,1,0,1,1,1
2279,7.1,6,366,0,0,1,0,0,1,1,0,0,1,1,0,1,1
2280,8.7,600,389,0,0,1,0,0,1,1,0,0,1,0,1,1,0
2281,7.4,76,229,0,0,1,0,0,0,0,0,0,1,0,1,1,1
2283,8.3,8,358,0,1,0,0,0,0,0,0,0,0,0,0,0,1
2288,8.7,151,750,0,0,1,0,0,0,0,0,0,0,0,0,1,1
